,recipe_name,ingredients,ingredient
0,Green Eggs and Ham Deviled Eggs,'1   dozen eggs',dozen eggs 
0,Green Eggs and Ham Deviled Eggs, '¾  cup diced avocado',avocado 
0,Green Eggs and Ham Deviled Eggs, '2  tablespoons grated red onion',red onion 
0,Green Eggs and Ham Deviled Eggs, '1\u2009½  tablespoons canola mayonnaise',canola mayonnaise 
0,Green Eggs and Ham Deviled Eggs, '1  tablespoon lemon juice',lemon juice 
0,Green Eggs and Ham Deviled Eggs, '¾  teaspoon garlic powder',
0,Green Eggs and Ham Deviled Eggs, '½  teaspoon crushed red pepper',red pepper 
0,Green Eggs and Ham Deviled Eggs, '¼  teaspoon black pepper',black pepper 
0,Green Eggs and Ham Deviled Eggs, '¼  teaspoon kosher salt',kosher salt 
0,Green Eggs and Ham Deviled Eggs, '1  ounce prosciutto slices,prosciutto slices 
0,Green Eggs and Ham Deviled Eggs, crisped and crumbled',
1,Marbled Eggs,'3   medium-size fresh beets,fresh beets 
1,Marbled Eggs, peeled and thinly sliced',
1,Marbled Eggs, '2\u2009½  cups water',water 
1,Marbled Eggs, '1  cup apple cider vinegar',cider vinegar 
1,Marbled Eggs, '⅓  cup sugar',
1,Marbled Eggs, '¼  cup table salt',table salt 
1,Marbled Eggs, '¼  cup thinly sliced red onion',
1,Marbled Eggs, '1  teaspoon dried crushed red pepper',crushed red pepper 
1,Marbled Eggs, '6   large hard-cooked eggs',large cooked eggs 
2,Deviled Eggs,'12   large eggs',large eggs 
2,Deviled Eggs, '4  tablespoons mayonnaise',mayonnaise 
2,Deviled Eggs, '2  teaspoons Dijon mustard',Dijon mustard 
2,Deviled Eggs, '¼  teaspoon salt',¼ salt 
2,Deviled Eggs, 'pinch of pepper',
3,Eggs Pipérade,'1  teaspoon olive oil',olive oil 
3,Eggs Pipérade, '¾  cup chopped red bell pepper',bell pepper 
3,Eggs Pipérade, '¾  cup chopped green bell pepper',bell pepper 
3,Eggs Pipérade, '1   garlic clove,
3,Eggs Pipérade, minced',
3,Eggs Pipérade, '½  teaspoon dried thyme',thyme 
3,Eggs Pipérade, '¼  teaspoon salt',¼ salt 
3,Eggs Pipérade, '¼   to 1/2 teaspoon ground red pepper',red pepper 
3,Eggs Pipérade, '1   (14.5-ounce) can diced tomatoes,tomatoes 
3,Eggs Pipérade, undrained',
3,Eggs Pipérade, '4   large eggs,large eggs 
3,Eggs Pipérade, lightly beaten',
3,Eggs Pipérade, '1  tablespoon chopped fresh parsley (optional)',fresh parsley 
4,Perfect Poached Eggs,'12   large eggs',large eggs 
5,French-Style Stuffed Eggs,'8   large eggs',large eggs 
5,French-Style Stuffed Eggs, '⅓  cup minced reduced-fat ham',fat ham 
5,French-Style Stuffed Eggs, '1  tablespoon minced green onions',minced green onions 
5,French-Style Stuffed Eggs, '1  tablespoon minced parsley',minced parsley 
5,French-Style Stuffed Eggs, '1  tablespoon low-fat mayonnaise',fat mayonnaise 
5,French-Style Stuffed Eggs, '1  teaspoon mustard',mustard 
5,French-Style Stuffed Eggs, '¼  teaspoon chopped fresh thyme',fresh thyme 
5,French-Style Stuffed Eggs, '⅛  teaspoon salt',salt 
5,French-Style Stuffed Eggs, '⅛  teaspoon freshly ground black pepper',black pepper 
5,French-Style Stuffed Eggs, '2   (1-ounce) slices white bread,slices white bread 
5,French-Style Stuffed Eggs, torn into large pieces',
5,French-Style Stuffed Eggs, 'Cooking spray',Cooking spray 
5,French-Style Stuffed Eggs, 'Fresh thyme leaves (optional)',Fresh thyme optional leaves 
6,Creole Deviled Eggs,'8   large eggs',large eggs 
6,Creole Deviled Eggs, '1  tablespoon cider vinegar',cider vinegar 
6,Creole Deviled Eggs, '2  tablespoons (1 ounce) 1/3-less-fat cream cheese',
6,Creole Deviled Eggs, '¼  cup plain 2% reduced-fat Greek yogurt',plain fat Greek yogurt 
6,Creole Deviled Eggs, '1  tablespoon finely chopped green bell pepper',green bell pepper 
6,Creole Deviled Eggs, '1  tablespoon finely chopped celery',celery 
6,Creole Deviled Eggs, '1  tablespoon Creole mustard',Creole mustard 
6,Creole Deviled Eggs, '2  teaspoons minced fresh chives',fresh chives 
6,Creole Deviled Eggs, '¼  teaspoon freshly ground black pepper',black pepper 
6,Creole Deviled Eggs, '¼  teaspoon hot pepper sauce (such as Tabasco)',pepper sauce 
6,Creole Deviled Eggs, '⅛  teaspoon salt',salt 
6,Creole Deviled Eggs, 'Dash of ground red pepper',Dash 
6,Creole Deviled Eggs, '2   pieces hot pickled okra,hot pickled okra 
6,Creole Deviled Eggs, each cut into 8 slices',
7,Boil Eggs Differently with This Clever Trick,,
8,Creole Shrimp Deviled Eggs,'12   large eggs',large eggs 
8,Creole Shrimp Deviled Eggs, '⅓  cup fat-free Greek yogurt',
8,Creole Shrimp Deviled Eggs, '2  ounces 1/3-less-fat cream cheese',
8,Creole Shrimp Deviled Eggs, '½  cup finely chopped cooked shrimp',cooked shrimp 
8,Creole Shrimp Deviled Eggs, '3  tablespoons sautéed chopped green bell pepper',sautéed bell pepper 
8,Creole Shrimp Deviled Eggs, '1  tablespoon chopped fresh parsley',fresh parsley 
8,Creole Shrimp Deviled Eggs, '1   green onion,green onion 
8,Creole Shrimp Deviled Eggs, minced',
8,Creole Shrimp Deviled Eggs, '1  teaspoon Dijon mustard',Dijon mustard 
8,Creole Shrimp Deviled Eggs, '¼  teaspoon Creole seasoning',
8,Creole Shrimp Deviled Eggs, '¼  teaspoon hot sauce',hot sauce 
8,Creole Shrimp Deviled Eggs, '⅛  teaspoon salt',salt 
8,Creole Shrimp Deviled Eggs, 'Cooked shrimp',Cooked shrimp 
9,Lobster Deviled Eggs,'12   hard-cooked extra-large eggs,cooked extra - large eggs 
9,Lobster Deviled Eggs, peeled',
9,Lobster Deviled Eggs, '¾  cup mayonnaise',mayonnaise 
9,Lobster Deviled Eggs, '1  tablespoon fresh lemon juice',fresh lemon juice 
9,Lobster Deviled Eggs, '1\u2009½  teaspoons Dijon mustard',Dijon mustard 
9,Lobster Deviled Eggs, '½  teaspoon freshly ground black pepper',black pepper 
9,Lobster Deviled Eggs, '⅛  teaspoon salt',salt 
9,Lobster Deviled Eggs, '⅛  teaspoon ground red pepper',red pepper 
9,Lobster Deviled Eggs, '1  cup coarsely chopped cooked lobster',
9,Lobster Deviled Eggs, 'Smoked paprika',Smoked paprika 
9,Lobster Deviled Eggs, 'Chopped fresh chives',fresh chives 
10,Marinara Poached Eggs,'3  cups Slow Cooker Marinara',Cooker Marinara 
10,Marinara Poached Eggs, '½  teaspoon crushed red pepper',red pepper 
10,Marinara Poached Eggs, '4   eggs',eggs 
10,Marinara Poached Eggs, 'Toast',Toast 
11,Halloween Deviled Eggs,,
12,Eggs in Jail,'8   slices thick-cut applewood-smoked bacon (10 oz. total)',cut smoked bacon 
12,Eggs in Jail, '1   loaf (12 oz.) unsliced brioche*',loaf brioche 
12,Eggs in Jail, 'About 4 tbsp. butter,tbsp butter 
12,Eggs in Jail, softened',
12,Eggs in Jail, '4   large eggs',large eggs 
12,Eggs in Jail, 'About 1/8 tsp. kosher salt',kosher salt 
12,Eggs in Jail, 'About 1/8 tsp. pepper',tsp . pepper 
13,How to Choose the Freshest Eggs Possible,,
14,Deviled Eggs with Assorted Toppings,'1   dozen hard-cooked eggs,cooked eggs 
14,Deviled Eggs with Assorted Toppings, peeled',
14,Deviled Eggs with Assorted Toppings, '½  cup mayonnaise',mayonnaise 
14,Deviled Eggs with Assorted Toppings, '1   green onion,green onion 
14,Deviled Eggs with Assorted Toppings, finely chopped',
14,Deviled Eggs with Assorted Toppings, '2  teaspoons hot sauce',hot sauce 
14,Deviled Eggs with Assorted Toppings, 'Salt and freshly ground pepper',pepper 
14,Deviled Eggs with Assorted Toppings, 'Toppings: chopped cooked bacon,Toppings cooked bacon 
14,Deviled Eggs with Assorted Toppings, smoked salmon,smoked salmon 
14,Deviled Eggs with Assorted Toppings, chopped black olives,chopped black olives 
14,Deviled Eggs with Assorted Toppings, chopped Spanish olives,chopped Spanish olives 
14,Deviled Eggs with Assorted Toppings, sour cream,sour cream 
14,Deviled Eggs with Assorted Toppings, chopped sun-dried tomatoes,dried tomatoes 
14,Deviled Eggs with Assorted Toppings, and chopped fresh herbs (dill,fresh herbs 
14,Deviled Eggs with Assorted Toppings, parsley,parsley 
14,Deviled Eggs with Assorted Toppings, chives)',
15,You’ve Been Making Scrambled Eggs Wrong Your Whole Life,,
16,Hummus Deviled Eggs,'6   eggs',eggs 
16,Hummus Deviled Eggs, '⅓  cup hummus',
16,Hummus Deviled Eggs, '2  tablespoons olive oil',olive oil 
16,Hummus Deviled Eggs, '¼  teaspoon freshly ground black pepper,black pepper 
16,Hummus Deviled Eggs, plus more for garnish',
16,Hummus Deviled Eggs, '¼  teaspoon salt',¼ salt 
16,Hummus Deviled Eggs, '1\u2009½  teaspoons prepared (not creamy) horseradish',creamy horseradish 
17,Ranch-Style Eggs with Chorizo,'2  tablespoons olive oil,olive oil 
17,Ranch-Style Eggs with Chorizo, divided',
17,Ranch-Style Eggs with Chorizo, '1   small red onion,red onion 
17,Ranch-Style Eggs with Chorizo, finely chopped',
17,Ranch-Style Eggs with Chorizo, '4   cloves garlic,
17,Ranch-Style Eggs with Chorizo, finely chopped',
17,Ranch-Style Eggs with Chorizo, '½  cup dry red wine',dry red wine 
17,Ranch-Style Eggs with Chorizo, '1   (28-ounce) can plum tomatoes,plum tomatoes 
17,Ranch-Style Eggs with Chorizo, puréed until smooth',
17,Ranch-Style Eggs with Chorizo, '½  cup water',water 
17,Ranch-Style Eggs with Chorizo, '2  tablespoons chili powder,chili powder 
17,Ranch-Style Eggs with Chorizo, preferably ancho',
17,Ranch-Style Eggs with Chorizo, '2  tablespoons chipotle in adobo purée',chipotle 
17,Ranch-Style Eggs with Chorizo, '2  tablespoons honey',honey 
17,Ranch-Style Eggs with Chorizo, '¼  teaspoon salt',¼ salt 
17,Ranch-Style Eggs with Chorizo, '1  tablespoon fresh lime juice plus 2 teaspoons finely grated zest,fresh lime juice zest 
17,Ranch-Style Eggs with Chorizo, divided',
17,Ranch-Style Eggs with Chorizo, '4   (6-inch) yellow or white corn tortillas',
17,Ranch-Style Eggs with Chorizo, '2   links fresh chorizo (about 4 ounces),links 
17,Ranch-Style Eggs with Chorizo, removed from casing',
17,Ranch-Style Eggs with Chorizo, '4   large eggs',large eggs 
17,Ranch-Style Eggs with Chorizo, '¼  cup reduced-fat sour cream',sour cream 
17,Ranch-Style Eggs with Chorizo, 'Pinch freshly ground black pepper',black pepper 
17,Ranch-Style Eggs with Chorizo, 'Chopped cilantro and Cheddar cheese for serving,Chopped cilantro 
17,Ranch-Style Eggs with Chorizo, optional',
18,Frambled Eggs Are Like Scrambled with More Attitude,'1  tablespoon olive oil',olive oil 
18,Frambled Eggs Are Like Scrambled with More Attitude, '2   eggs',eggs 
18,Frambled Eggs Are Like Scrambled with More Attitude, 'salt and pepper',salt 
19,Add Excitement to Your Poached Eggs with This Trick,,
0,Beef and Broccoli Wellington,'1\u2009½  pounds ground beef',ground beef 
0,Beef and Broccoli Wellington, '1   onion,onion 
0,Beef and Broccoli Wellington, chopped',
0,Beef and Broccoli Wellington, '1   (6 1/2-oz.) can mushroom stems and pieces,stems 
0,Beef and Broccoli Wellington, drained',
0,Beef and Broccoli Wellington, '1   (20-oz.) pkg. frozen chopped broccoli,pkg frozen chopped broccoli 
0,Beef and Broccoli Wellington, thawed',
0,Beef and Broccoli Wellington, '2   (8-oz.) pkgs. shredded mozzarella cheese',pkgs mozzarella cheese 
0,Beef and Broccoli Wellington, '1   (8-oz.) container sour cream',sour cream 
0,Beef and Broccoli Wellington, '2   (8-oz.) tubes refrigerated crescent rolls',tubes crescent rolls 
1,Buffalo Beef Dip,'2  tablespoons olive oil',olive oil 
1,Buffalo Beef Dip, '½   large yellow onion,yellow onion 
1,Buffalo Beef Dip, chopped',
1,Buffalo Beef Dip, '1  cup buffalo wing sauce (such as Frank’s RedHot)',buffalo wing sauce 
1,Buffalo Beef Dip, '1   (16-oz.) package cooked,package 
1,Buffalo Beef Dip, seasoned pulled beef',seasoned pulled beef 
1,Buffalo Beef Dip, '1   (8-oz.) package cream cheese,cream cheese 
1,Buffalo Beef Dip, softened',
1,Buffalo Beef Dip, '2  cups shredded cheddar cheese,shredded cheddar cheese 
1,Buffalo Beef Dip, divided',
1,Buffalo Beef Dip, 'Chopped fresh parsley,fresh parsley 
1,Buffalo Beef Dip, for garnish',for 
1,Buffalo Beef Dip, 'Celery sticks and tortilla chips,Celery sticks 
1,Buffalo Beef Dip, for serving',for 
2,Corned Beef and Cabbage,'1   (4-pound) cured corned beef brisket,corned beef brisket 
2,Corned Beef and Cabbage, trimmed',
2,Corned Beef and Cabbage, '16  cups water',water 
2,Corned Beef and Cabbage, '2  cups chopped onion',onion 
2,Corned Beef and Cabbage, '1  cup chopped celery',celery 
2,Corned Beef and Cabbage, '1  cup chopped carrot',carrot 
2,Corned Beef and Cabbage, '1\u2009½  teaspoons pickling spice',pickling spice 
2,Corned Beef and Cabbage, '3   garlic cloves,
2,Corned Beef and Cabbage, peeled',
2,Corned Beef and Cabbage, 'Cooking spray',Cooking spray 
2,Corned Beef and Cabbage, '1  tablespoon caraway seeds',
2,Corned Beef and Cabbage, '1   (2 1/2-pound) head green cabbage,green cabbage 
2,Corned Beef and Cabbage, cored and cut into 1-inch strips',
2,Corned Beef and Cabbage, '4  pounds small red potatoes,small red potatoes 
2,Corned Beef and Cabbage, quartered',
2,Corned Beef and Cabbage, '2  tablespoons chopped fresh parsley',fresh parsley 
2,Corned Beef and Cabbage, '2  teaspoons butter',butter 
2,Corned Beef and Cabbage, '2  teaspoons grated lemon rind',lemon rind 
2,Corned Beef and Cabbage, '2  teaspoons fresh lemon juice',fresh lemon juice 
2,Corned Beef and Cabbage, '⅛  teaspoon black pepper',black pepper 
2,Corned Beef and Cabbage, '½  cup dry breadcrumbs',breadcrumbs 
2,Corned Beef and Cabbage, '1   (5-ounce) jar prepared horseradish,prepared horseradish 
2,Corned Beef and Cabbage, drained and squeezed dry',
2,Corned Beef and Cabbage, '3  tablespoons Dijon mustard',Dijon mustard 
3,Basic Beef Stew with Carrots and Mushrooms,'1  tablespoon olive oil,olive oil 
3,Basic Beef Stew with Carrots and Mushrooms, divided',
3,Basic Beef Stew with Carrots and Mushrooms, '1  pound small cremini mushrooms',cremini mushrooms 
3,Basic Beef Stew with Carrots and Mushrooms, 'Cooking spray',Cooking spray 
3,Basic Beef Stew with Carrots and Mushrooms, '2  cups chopped onion',onion 
3,Basic Beef Stew with Carrots and Mushrooms, '3   garlic cloves,
3,Basic Beef Stew with Carrots and Mushrooms, minced',
3,Basic Beef Stew with Carrots and Mushrooms, '⅓  cup all-purpose flour (about 1 1/2 ounces)',
3,Basic Beef Stew with Carrots and Mushrooms, '2  pounds lean beef stew meat,stew meat 
3,Basic Beef Stew with Carrots and Mushrooms, cut into bite-sized pieces',
3,Basic Beef Stew with Carrots and Mushrooms, '¾  teaspoon salt,¾ salt 
3,Basic Beef Stew with Carrots and Mushrooms, divided',
3,Basic Beef Stew with Carrots and Mushrooms, '1  cup dry red wine',dry red wine 
3,Basic Beef Stew with Carrots and Mushrooms, '1  tablespoon chopped fresh thyme',fresh thyme 
3,Basic Beef Stew with Carrots and Mushrooms, '2   (14-ounce) cans less-sodium beef broth',sodium beef broth 
3,Basic Beef Stew with Carrots and Mushrooms, '1   bay leaf',bay leaf 
3,Basic Beef Stew with Carrots and Mushrooms, '2  cups (3/4-inch) cubed peeled white potato (about 1 pound)',peeled white potato 
3,Basic Beef Stew with Carrots and Mushrooms, '1\u2009½  cups (1-inch) slices carrot (about 12 ounces)',slices carrot 
3,Basic Beef Stew with Carrots and Mushrooms, '½  teaspoon freshly ground black pepper',black pepper 
3,Basic Beef Stew with Carrots and Mushrooms, 'Fresh thyme sprigs (optional)',Fresh thyme optional sprigs 
4,Beef Stew,'1\u2009½  teaspoons olive oil',olive oil 
4,Beef Stew, '1\u2009½  pounds beef stew meat,beef stew meat 
4,Beef Stew, cut into 1-inch pieces',
4,Beef Stew, '3\u2009½  cups halved mushrooms (about 8 ounces)',halved mushrooms 
4,Beef Stew, '2  cups diagonally cut carrot',carrot 
4,Beef Stew, '1\u2009½  cups coarsely chopped onion',chopped onion 
4,Beef Stew, '1\u2009½  cups sliced celery',sliced celery 
4,Beef Stew, '2   garlic cloves,
4,Beef Stew, minced',
4,Beef Stew, '1\u2009½  cups water',water 
4,Beef Stew, '1  cup Cabernet Sauvignon or other dry red wine',Cabernet Sauvignon 
4,Beef Stew, '½  teaspoon dried thyme',thyme 
4,Beef Stew, '1\u2009¼  teaspoons kosher salt',kosher salt 
4,Beef Stew, '¼  teaspoon coarsely ground black pepper',black pepper 
4,Beef Stew, '2   (14.5-ounce) cans no-salt-added stewed tomatoes,added stewed tomatoes 
4,Beef Stew, undrained',
4,Beef Stew, '2   bay leaves',bay 
4,Beef Stew, '1   (2 1/4-ounce) can sliced ripe olives,ripe olives 
4,Beef Stew, drained',
4,Beef Stew, '2  tablespoons red wine vinegar',red wine vinegar 
4,Beef Stew, '¼  cup chopped fresh flat-leaf parsley',fresh leaf parsley 
5,Mom's Signature Roast Beef,'1   (12-oz.) bottle dark beer',dark beer 
5,Mom's Signature Roast Beef, '1   medium onion,medium onion 
5,Mom's Signature Roast Beef, chopped',
5,Mom's Signature Roast Beef, '8   garlic cloves,
5,Mom's Signature Roast Beef, minced',
5,Mom's Signature Roast Beef, '1   lemon,lemon 
5,Mom's Signature Roast Beef, thinly sliced',
5,Mom's Signature Roast Beef, '1  cup soy sauce',soy sauce 
5,Mom's Signature Roast Beef, '3  tablespoons vegetable oil,vegetable oil 
5,Mom's Signature Roast Beef, divided',
5,Mom's Signature Roast Beef, '1   (3- to 4-lb.) boneless chuck roast,boneless chuck roast 
5,Mom's Signature Roast Beef, trimmed',
5,Mom's Signature Roast Beef, '1  teaspoon fresh coarsely ground pepper',
5,Mom's Signature Roast Beef, '8   carrots (about 1 1/2 lb.),carrots 
5,Mom's Signature Roast Beef, diagonally sliced',
5,Mom's Signature Roast Beef, '7   Yukon gold potatoes (3 lb.),Yukon gold potatoes 
5,Mom's Signature Roast Beef, peeled and cut into eighths',
5,Mom's Signature Roast Beef, '2   large onions,large onions 
5,Mom's Signature Roast Beef, cut into eighths',
5,Mom's Signature Roast Beef, '2  tablespoons cornstarch',cornstarch 
6,Beef Brisket with Beer,'1   (3-pound) beef brisket,beef brisket 
6,Beef Brisket with Beer, trimmed',
6,Beef Brisket with Beer, '1  teaspoon salt',salt 
6,Beef Brisket with Beer, '½  teaspoon freshly ground black pepper',black pepper 
6,Beef Brisket with Beer, 'Cooking spray',Cooking spray 
6,Beef Brisket with Beer, '¼  cup water',water 
6,Beef Brisket with Beer, '2  cups vertically sliced onion (about 1 large)',sliced large onion 
6,Beef Brisket with Beer, '1\u2009½  cups chopped parsnip (about 2)',parsnip 
6,Beef Brisket with Beer, '1  tablespoon balsamic vinegar',balsamic vinegar 
6,Beef Brisket with Beer, '1   bay leaf',bay leaf 
6,Beef Brisket with Beer, '1   (12-ounce) bottle light beer',
7,Roast Beef Club,'12   slices whole-grain bread,slices grain bread 
7,Roast Beef Club, cut into 3 1/4-inch circles and lightly toasted',
7,Roast Beef Club, '4  tablespoons jarred tomato chutney',tomato chutney 
7,Roast Beef Club, '½  pound thinly sliced roast beef',sliced roast beef 
7,Roast Beef Club, '½  cup watercress sprigs',
7,Roast Beef Club, '8   large basil leaves',basil leaves 
7,Roast Beef Club, '1  ounce crumbled blue cheese',crumbled blue cheese 
7,Roast Beef Club, '4   pickle spears',pickle spears 
8,Beef Carnitas Tacos,'2  cups chopped plum tomato (about 2 medium)',plum tomato 
8,Beef Carnitas Tacos, '⅓  cup chopped onion',onion 
8,Beef Carnitas Tacos, '¼  cup diced peeled avocado',peeled avocado 
8,Beef Carnitas Tacos, '2  tablespoons minced fresh cilantro',fresh cilantro 
8,Beef Carnitas Tacos, '1  tablespoon fresh lime juice',fresh lime juice 
8,Beef Carnitas Tacos, '⅛  teaspoon salt',salt 
8,Beef Carnitas Tacos, '⅛  teaspoon freshly ground black pepper',black pepper 
8,Beef Carnitas Tacos, '8   (6-inch) corn tortillas',corn tortillas 
8,Beef Carnitas Tacos, '2  cups Beef Carnitas',
8,Beef Carnitas Tacos, '1   lime,lime 
8,Beef Carnitas Tacos, cut into 8 wedges',
9,Pepperoncini Italian Beef Roast,'1   4-lb. beef chuck roast',chuck roast 
9,Pepperoncini Italian Beef Roast, '1   8-oz. jar pepperoncini peppers,. pepperoncini peppers 
9,Pepperoncini Italian Beef Roast, drained and juice reserved',juice 
9,Pepperoncini Italian Beef Roast, '1   onion,onion 
9,Pepperoncini Italian Beef Roast, sliced',
9,Pepperoncini Italian Beef Roast, '2   1-oz. pkgs. au jus mix',. pkgs au jus mix 
9,Pepperoncini Italian Beef Roast, '8 to 10   hoagie rolls,hoagie rolls 
9,Pepperoncini Italian Beef Roast, split',split 
10,Chunky Beef Chili,'4  pounds boneless chuck roast,boneless chuck roast 
10,Chunky Beef Chili, cut into 1/2-inch pieces',
10,Chunky Beef Chili, '2  tablespoons chili powder',chili powder 
10,Chunky Beef Chili, '2   (6-ounce) cans tomato paste',cans tomato paste 
10,Chunky Beef Chili, '1   (32-ounce) container beef broth',container beef broth 
10,Chunky Beef Chili, '2   (8-ounce) cans tomato sauce',cans tomato sauce 
10,Chunky Beef Chili, '2  teaspoons granulated garlic',granulated garlic 
10,Chunky Beef Chili, '1  teaspoon salt',salt 
10,Chunky Beef Chili, '1  teaspoon ground oregano',ground 
10,Chunky Beef Chili, '1  teaspoon ground cumin',ground cumin 
10,Chunky Beef Chili, '1  teaspoon paprika',paprika 
10,Chunky Beef Chili, '1  teaspoon onion powder',onion powder 
10,Chunky Beef Chili, '½  teaspoon ground black pepper',black pepper 
10,Chunky Beef Chili, '¼  teaspoon ground red pepper',red pepper 
10,Chunky Beef Chili, 'Cornbread sticks (optional)',Cornbread optional sticks 
10,Chunky Beef Chili, 'Toppings: crushed tortilla chips,tortilla chips 
10,Chunky Beef Chili, sour cream,sour cream 
10,Chunky Beef Chili, shredded cheese,shredded cheese 
10,Chunky Beef Chili, chopped onion',chopped onion 
11,Hunter's-Style Beef Pie,'1  tablespoon olive oil',olive oil 
11,Hunter's-Style Beef Pie, '1  pound boneless sirloin steak,sirloin steak 
11,Hunter's-Style Beef Pie, trimmed and cut into 1/2-inch cubes',
11,Hunter's-Style Beef Pie, '1\u2009¾  cups chopped onion (about 1 medium)',
11,Hunter's-Style Beef Pie, '2   garlic cloves,
11,Hunter's-Style Beef Pie, minced',
11,Hunter's-Style Beef Pie, '1\u2009½  cups fat-free,
11,Hunter's-Style Beef Pie, less-sodium beef broth',sodium beef broth 
11,Hunter's-Style Beef Pie, '½  cup merlot or other dry red wine',merlot 
11,Hunter's-Style Beef Pie, '2  tablespoons no-salt-added tomato paste',added tomato paste 
11,Hunter's-Style Beef Pie, '1  tablespoon low-sodium Worcestershire sauce',sodium Worcestershire sauce 
11,Hunter's-Style Beef Pie, '1\u2009½  cups sliced carrot (about 5 medium)',carrot 
11,Hunter's-Style Beef Pie, '1  cup sliced mushrooms',mushrooms 
11,Hunter's-Style Beef Pie, '2   thyme sprigs',thyme sprigs 
11,Hunter's-Style Beef Pie, '2  tablespoons all-purpose flour',purpose flour 
11,Hunter's-Style Beef Pie, '3  tablespoons water',water 
11,Hunter's-Style Beef Pie, '½  teaspoon salt',½ salt 
11,Hunter's-Style Beef Pie, '¼  teaspoon black pepper',black pepper 
11,Hunter's-Style Beef Pie, 'Cooking spray',Cooking spray 
11,Hunter's-Style Beef Pie, '½   (15-ounce) package refrigerated pie dough (such as Pillsbury)',package pie dough 
12,Pan-Fried Beef and Scallion Dumplings,'3  tablespoons soy sauce',soy sauce 
12,Pan-Fried Beef and Scallion Dumplings, '1  tablespoons gochujang',gochujang 
12,Pan-Fried Beef and Scallion Dumplings, '1  tablespoon rice vinegar',rice vinegar 
12,Pan-Fried Beef and Scallion Dumplings, '1  teaspoon grated garlic (from 2 cloves)',grated garlic 
12,Pan-Fried Beef and Scallion Dumplings, '1  teaspoon grated fresh ginger',fresh ginger 
12,Pan-Fried Beef and Scallion Dumplings, '1  teaspoon granulated sugar',granulated sugar 
12,Pan-Fried Beef and Scallion Dumplings, '5\u2009½  teaspoons toasted sesame oil,sesame oil 
12,Pan-Fried Beef and Scallion Dumplings, divided',
12,Pan-Fried Beef and Scallion Dumplings, '12  ounces 97/3 extra-lean ground beef',
12,Pan-Fried Beef and Scallion Dumplings, '¼  cup finely chopped scallions',chopped scallions 
12,Pan-Fried Beef and Scallion Dumplings, '¼  cup canola oil',canola oil 
12,Pan-Fried Beef and Scallion Dumplings, '1  tablespoon crushed red pepper',crushed red pepper 
12,Pan-Fried Beef and Scallion Dumplings, '24   (3-in.) square wonton wrappers',square wonton wrappers 
12,Pan-Fried Beef and Scallion Dumplings, '⅔  cup water,water 
12,Pan-Fried Beef and Scallion Dumplings, divided',
12,Pan-Fried Beef and Scallion Dumplings, 'Sliced scallions and sesame seeds,Sliced scallions 
12,Pan-Fried Beef and Scallion Dumplings, for garnish',for 
13,Delicious Beef Slow-Cooker Recipes,,
14,Quick Beef Stroganoff,'2  tablespoons olive oil',olive oil 
14,Quick Beef Stroganoff, '1\u2009¼  pounds New York or sirloin steak,sirloin steak 
14,Quick Beef Stroganoff, thinly sliced',
14,Quick Beef Stroganoff, '1\u2009½  teaspoons kosher salt',kosher salt 
14,Quick Beef Stroganoff, '¼  teaspoon plus 1/8  black pepper',
14,Quick Beef Stroganoff, '1  pound button mushrooms,button mushrooms 
14,Quick Beef Stroganoff, thinly sliced',
14,Quick Beef Stroganoff, '½  cup dry sherry',dry sherry 
14,Quick Beef Stroganoff, '¼  cup low-sodium chicken broth',sodium chicken broth 
14,Quick Beef Stroganoff, '⅓  cup sour cream',
14,Quick Beef Stroganoff, '2  cups cooked white rice',white rice 
14,Quick Beef Stroganoff, '½  cup fresh flat-leaf parsley,fresh leaf parsley 
14,Quick Beef Stroganoff, roughly chopped',
15,Bulgogi (Korean Beef Barbecue),'1  pound top sirloin steak,top sirloin steak 
15,Bulgogi (Korean Beef Barbecue), trimmed',
15,Bulgogi (Korean Beef Barbecue), '1  tablespoon brown sugar',brown sugar 
15,Bulgogi (Korean Beef Barbecue), '3  tablespoons low-sodium soy sauce',sodium soy sauce 
15,Bulgogi (Korean Beef Barbecue), '1  tablespoon mirin (sweet rice wine)',mirin 
15,Bulgogi (Korean Beef Barbecue), '1  teaspoon minced peeled fresh ginger',peeled fresh ginger 
15,Bulgogi (Korean Beef Barbecue), '1  teaspoon dark sesame oil',sesame oil 
15,Bulgogi (Korean Beef Barbecue), '3   garlic cloves,
15,Bulgogi (Korean Beef Barbecue), minced',
15,Bulgogi (Korean Beef Barbecue), 'Cooking spray',Cooking spray 
16,New England-Style Pickled Beef,'7  cups water,water 
16,New England-Style Pickled Beef, divided',
16,New England-Style Pickled Beef, '2  tablespoons black peppercorns',black peppercorns 
16,New England-Style Pickled Beef, '2  tablespoons pickling spice',spice 
16,New England-Style Pickled Beef, '1  tablespoon juniper berries,juniper berries 
16,New England-Style Pickled Beef, crushed',
16,New England-Style Pickled Beef, '1  tablespoon coriander seeds',coriander seeds 
16,New England-Style Pickled Beef, '8   bay leaves',8 bay 
16,New England-Style Pickled Beef, '6   thyme sprigs',thyme sprigs 
16,New England-Style Pickled Beef, '4   garlic cloves,
16,New England-Style Pickled Beef, crushed',
16,New England-Style Pickled Beef, '¾  cup kosher salt (such as Diamond Crystal)',kosher salt 
16,New England-Style Pickled Beef, '½  cup sugar',sugar 
16,New England-Style Pickled Beef, '2  cups ice cubes',
16,New England-Style Pickled Beef, '1   (4 1/2-pound) beef brisket,beef brisket 
16,New England-Style Pickled Beef, trimmed',
16,New England-Style Pickled Beef, '1\u2009½  cups (2-inch-thick) slices carrot',slices carrot 
16,New England-Style Pickled Beef, '1   (2-pound) head green cabbage,green cabbage 
16,New England-Style Pickled Beef, cored and quartered',
16,New England-Style Pickled Beef, '9   small red potatoes,small red potatoes 
16,New England-Style Pickled Beef, quartered',
16,New England-Style Pickled Beef, '6   small onions,small onions 
16,New England-Style Pickled Beef, peeled and halved',
17,Slow-Roasted Beef with Creamy Mashed Potatoes,'Beef:',Beef 
17,Slow-Roasted Beef with Creamy Mashed Potatoes, '6  cups Beef Stock',Beef Stock 
17,Slow-Roasted Beef with Creamy Mashed Potatoes, '2  cups water',water 
17,Slow-Roasted Beef with Creamy Mashed Potatoes, '1  pound boneless chuck roast,boneless chuck roast 
17,Slow-Roasted Beef with Creamy Mashed Potatoes, trimmed and cut against the grain into 4 slices',
17,Slow-Roasted Beef with Creamy Mashed Potatoes, '2  teaspoons chopped fresh thyme,fresh thyme 
17,Slow-Roasted Beef with Creamy Mashed Potatoes, divided',
17,Slow-Roasted Beef with Creamy Mashed Potatoes, '¼  teaspoon salt',¼ salt 
17,Slow-Roasted Beef with Creamy Mashed Potatoes, '⅛  teaspoon freshly ground black pepper',black pepper 
17,Slow-Roasted Beef with Creamy Mashed Potatoes, 'Potatoes:',Potatoes 
17,Slow-Roasted Beef with Creamy Mashed Potatoes, '1\u2009½  pounds baking potatoes,baking potatoes 
17,Slow-Roasted Beef with Creamy Mashed Potatoes, peeled and cut into 1/2-inch pieces',
17,Slow-Roasted Beef with Creamy Mashed Potatoes, '½  cup 2% reduced-fat milk',
17,Slow-Roasted Beef with Creamy Mashed Potatoes, '1  tablespoon butter,butter 
17,Slow-Roasted Beef with Creamy Mashed Potatoes, softened',
17,Slow-Roasted Beef with Creamy Mashed Potatoes, '½  teaspoon salt',½ salt 
17,Slow-Roasted Beef with Creamy Mashed Potatoes, '¼  teaspoon freshly ground black pepper',black pepper 
18,Beef Vegetable Soup,'1\u2009½  pounds beef stew meat',beef stew meat 
18,Beef Vegetable Soup, '1  tablespoon olive oil',olive oil 
18,Beef Vegetable Soup, '1   (32-oz.) bag frozen mixed vegetables (peas,mixed vegetables 
18,Beef Vegetable Soup, carrots,carrots 
18,Beef Vegetable Soup, green beans,green beans 
18,Beef Vegetable Soup, and lima beans)',lima beans 
18,Beef Vegetable Soup, '1   (15-oz.) can tomato sauce',
18,Beef Vegetable Soup, '1   (14.5-oz.) can diced Italian-style tomatoes',style tomatoes 
18,Beef Vegetable Soup, '1   medium-size baking potato,size baking potato 
18,Beef Vegetable Soup, peeled and diced',
18,Beef Vegetable Soup, '1   celery rib,celery rib 
18,Beef Vegetable Soup, chopped',
18,Beef Vegetable Soup, '1   medium onion,medium onion 
18,Beef Vegetable Soup, chopped',
18,Beef Vegetable Soup, '2   garlic cloves,
18,Beef Vegetable Soup, minced',
18,Beef Vegetable Soup, '½  cup ketchup',ketchup 
18,Beef Vegetable Soup, '1   extra-large chicken bouillon cube',
18,Beef Vegetable Soup, '½  teaspoon pepper',½ pepper 
19,Korean Stir-Fried Beef Bowl,'6  tablespoons soy sauce',soy sauce 
19,Korean Stir-Fried Beef Bowl, '3  tablespoons granulated sugar',granulated sugar 
19,Korean Stir-Fried Beef Bowl, '1  tablespoon minced garlic',minced garlic 
19,Korean Stir-Fried Beef Bowl, '1  tablespoon minced fresh ginger',minced fresh ginger 
19,Korean Stir-Fried Beef Bowl, '1  tablespoon toasted sesame oil',sesame oil 
0,Parmesan-Herb Crusted Tofu Sandwich,'Tofu:',Tofu 
0,Parmesan-Herb Crusted Tofu Sandwich, '1   (14-ounce) package firm tofu,firm tofu 
0,Parmesan-Herb Crusted Tofu Sandwich, drained',
0,Parmesan-Herb Crusted Tofu Sandwich, '1  cup breadcrumbs (about 2 slices stale bread)',breadcrumbs 
0,Parmesan-Herb Crusted Tofu Sandwich, '¼  cup (1 ounce) grated fresh Parmesan cheese',fresh Parmesan cheese 
0,Parmesan-Herb Crusted Tofu Sandwich, '1  teaspoon dried marjoram',dried marjoram 
0,Parmesan-Herb Crusted Tofu Sandwich, '½  teaspoon dried savory',savory 
0,Parmesan-Herb Crusted Tofu Sandwich, '¼  teaspoon dried thyme',dried thyme 
0,Parmesan-Herb Crusted Tofu Sandwich, '¼  teaspoon black pepper,black pepper 
0,Parmesan-Herb Crusted Tofu Sandwich, divided',
0,Parmesan-Herb Crusted Tofu Sandwich, '¼  cup fat-free milk',free milk 
0,Parmesan-Herb Crusted Tofu Sandwich, '⅛  teaspoon salt',salt 
0,Parmesan-Herb Crusted Tofu Sandwich, '2   large egg whites,large egg whites 
0,Parmesan-Herb Crusted Tofu Sandwich, lightly beaten',
0,Parmesan-Herb Crusted Tofu Sandwich, '¼  cup all-purpose flour',purpose flour 
0,Parmesan-Herb Crusted Tofu Sandwich, 'Cooking spray',Cooking spray 
0,Parmesan-Herb Crusted Tofu Sandwich, 'Remaining ingredients:',Remaining ingredients 
0,Parmesan-Herb Crusted Tofu Sandwich, '3  tablespoons light mayonnaise',light mayonnaise 
0,Parmesan-Herb Crusted Tofu Sandwich, '1  tablespoon chopped fresh chives',fresh chives 
0,Parmesan-Herb Crusted Tofu Sandwich, '1  teaspoon low-sodium soy sauce',sodium soy sauce 
0,Parmesan-Herb Crusted Tofu Sandwich, '1   small garlic clove,
0,Parmesan-Herb Crusted Tofu Sandwich, minced',
0,Parmesan-Herb Crusted Tofu Sandwich, '4   (2-ounce) sesame buns',sesame buns 
0,Parmesan-Herb Crusted Tofu Sandwich, '4   romaine lettuce leaves',lettuce leaves 
0,Parmesan-Herb Crusted Tofu Sandwich, '12   (1/4-inch-thick) slices plum tomato',
1,Indian-Style Tofu and Cauliflower with Chutney,'1   (14-ounce) package firm water-packed tofu,firm packed tofu 
1,Indian-Style Tofu and Cauliflower with Chutney, drained',
1,Indian-Style Tofu and Cauliflower with Chutney, '1   medium onion,medium onion 
1,Indian-Style Tofu and Cauliflower with Chutney, cut into 6 wedges',
1,Indian-Style Tofu and Cauliflower with Chutney, '2  tablespoons canola oil',canola oil 
1,Indian-Style Tofu and Cauliflower with Chutney, '1  teaspoon brown mustard seeds',
1,Indian-Style Tofu and Cauliflower with Chutney, '¾  teaspoon cumin seeds',cumin seeds 
1,Indian-Style Tofu and Cauliflower with Chutney, '2  teaspoons curry powder',powder 
1,Indian-Style Tofu and Cauliflower with Chutney, '4   garlic cloves',
1,Indian-Style Tofu and Cauliflower with Chutney, '1   (1/2-inch) piece fresh ginger,
1,Indian-Style Tofu and Cauliflower with Chutney, peeled and coarsely chopped',
1,Indian-Style Tofu and Cauliflower with Chutney, '4  cups cauliflower florets (about 1 1/4 pounds)',florets 
1,Indian-Style Tofu and Cauliflower with Chutney, '¼  cup water',water 
1,Indian-Style Tofu and Cauliflower with Chutney, '1  teaspoon salt',salt 
1,Indian-Style Tofu and Cauliflower with Chutney, '1   (14.5-ounce) can diced tomatoes,tomatoes 
1,Indian-Style Tofu and Cauliflower with Chutney, undrained',
1,Indian-Style Tofu and Cauliflower with Chutney, '4\u2009½  cups hot cooked basmati rice',basmati rice 
1,Indian-Style Tofu and Cauliflower with Chutney, '¼  cup plain fat-free yogurt',plain free yogurt 
1,Indian-Style Tofu and Cauliflower with Chutney, '¼  cup chopped fresh cilantro',fresh cilantro 
2,Miso-Glazed Tofu,'1  tablespoon miso paste',miso 
2,Miso-Glazed Tofu, '1  tablespoon rice-wine vinegar',wine vinegar 
2,Miso-Glazed Tofu, '2  tablespoons honey',honey 
2,Miso-Glazed Tofu, '1  tablespoon low-sodium soy sauce',sodium soy sauce 
2,Miso-Glazed Tofu, '1   (14-ounce) block extra-firm tofu',extra - firm tofu 
2,Miso-Glazed Tofu, '4   baby bok choy,
2,Miso-Glazed Tofu, halved',
2,Miso-Glazed Tofu, '½  teaspoon grated ginger',grated ginger 
2,Miso-Glazed Tofu, '1  teaspoon low-sodium soy sauce',sodium soy sauce 
2,Miso-Glazed Tofu, '1  tablespoon rice-wine vinegar',wine vinegar 
2,Miso-Glazed Tofu, '1  tablespoon sesame oil',sesame oil 
2,Miso-Glazed Tofu, '⅛  teaspoon crushed red pepper',red pepper 
2,Miso-Glazed Tofu, '1  tablespoon sesame seeds',sesame seeds 
3,Fiery Tofu and Coconut Curry Soup,'2  tablespoons canola oil',canola oil 
3,Fiery Tofu and Coconut Curry Soup, '2  teaspoons minced garlic',minced garlic 
3,Fiery Tofu and Coconut Curry Soup, '¼  cup red curry paste',curry paste 
3,Fiery Tofu and Coconut Curry Soup, '1  tablespoon dark brown sugar',brown sugar 
3,Fiery Tofu and Coconut Curry Soup, '2   (13.5-ounce) cans light coconut milk',coconut milk 
3,Fiery Tofu and Coconut Curry Soup, '2\u2009½  cups organic vegetable broth',organic vegetable broth 
3,Fiery Tofu and Coconut Curry Soup, '¼  cup fresh lime juice',fresh lime juice 
3,Fiery Tofu and Coconut Curry Soup, '¼  cup thinly sliced peeled fresh ginger',peeled fresh ginger 
3,Fiery Tofu and Coconut Curry Soup, '2  tablespoons lower-sodium soy sauce',sodium soy sauce 
3,Fiery Tofu and Coconut Curry Soup, '2  cups thinly sliced carrot (about 4)',carrot 
3,Fiery Tofu and Coconut Curry Soup, '1\u2009½  cups (1-inch) pieces green beans (8 ounces)',green beans 
3,Fiery Tofu and Coconut Curry Soup, '1   (14-ounce) package water-packed soft tofu,
3,Fiery Tofu and Coconut Curry Soup, drained and cut into (1-inch) cubes',
3,Fiery Tofu and Coconut Curry Soup, '¾  cup fresh cilantro leaves',fresh cilantro leaves 
4,Grilled Lemon-Basil Tofu Burgers,'⅓  cup finely chopped fresh basil',fresh basil 
4,Grilled Lemon-Basil Tofu Burgers, '2  tablespoons Dijon mustard',Dijon mustard 
4,Grilled Lemon-Basil Tofu Burgers, '2  tablespoons honey',honey 
4,Grilled Lemon-Basil Tofu Burgers, '2  teaspoons grated lemon rind',lemon rind 
4,Grilled Lemon-Basil Tofu Burgers, '¼  cup fresh lemon juice',fresh lemon juice 
4,Grilled Lemon-Basil Tofu Burgers, '1  tablespoon extravirgin olive oil',extravirgin olive oil 
4,Grilled Lemon-Basil Tofu Burgers, '½  teaspoon salt',½ salt 
4,Grilled Lemon-Basil Tofu Burgers, '¼  teaspoon freshly ground black pepper',black pepper 
4,Grilled Lemon-Basil Tofu Burgers, '4   garlic cloves,
4,Grilled Lemon-Basil Tofu Burgers, minced and divided',
4,Grilled Lemon-Basil Tofu Burgers, '1  pound firm or extrafirm tofu,tofu 
4,Grilled Lemon-Basil Tofu Burgers, drained',
4,Grilled Lemon-Basil Tofu Burgers, 'Cooking spray',Cooking spray 
4,Grilled Lemon-Basil Tofu Burgers, '⅓  cup finely chopped pitted kalamata olives',pitted kalamata olives 
4,Grilled Lemon-Basil Tofu Burgers, '3  tablespoons reduced-fat sour cream',
4,Grilled Lemon-Basil Tofu Burgers, '3  tablespoons light mayonnaise',light mayonnaise 
4,Grilled Lemon-Basil Tofu Burgers, '6   (1 1/2-ounce) hamburger buns',hamburger buns 
4,Grilled Lemon-Basil Tofu Burgers, '6   (1/4-inch-thick) slices tomato',
4,Grilled Lemon-Basil Tofu Burgers, '1  cup trimmed watercress',
5,27 Mouthwatering Meals Starring Tofu,,
6,Tofu Fried Rice,'2  cups uncooked instant rice',uncooked instant rice 
6,Tofu Fried Rice, '2  tablespoons vegetable oil,vegetable oil 
6,Tofu Fried Rice, divided',
6,Tofu Fried Rice, '1   (14-ounce) package reduced-fat firm tofu,firm tofu 
6,Tofu Fried Rice, drained and cut into (1/2-inch) cubes',
6,Tofu Fried Rice, '2   large eggs,large eggs 
6,Tofu Fried Rice, lightly beaten',
6,Tofu Fried Rice, '1  cup (1/2-inch-thick) slices green onions',
6,Tofu Fried Rice, '1  cup frozen peas and carrots,peas 
6,Tofu Fried Rice, thawed',
6,Tofu Fried Rice, '4   garlic cloves,
6,Tofu Fried Rice, minced',
6,Tofu Fried Rice, '1  teaspoon minced peeled fresh ginger',peeled fresh ginger 
6,Tofu Fried Rice, '2  tablespoons sake (rice wine)',sake 
6,Tofu Fried Rice, '3  tablespoons low-sodium soy sauce',sodium soy sauce 
6,Tofu Fried Rice, '1  tablespoon hoisin sauce',hoisin sauce 
6,Tofu Fried Rice, '½  teaspoon dark sesame oil',sesame oil 
6,Tofu Fried Rice, 'Thinly sliced green onions (optional)',
7,Tofu Larb,'⅓  cup fresh lime juice (about 3 limes)',
7,Tofu Larb, '1  tablespoon sugar',sugar 
7,Tofu Larb, '1\u2009½  tablespoons fish sauce',fish sauce 
7,Tofu Larb, '½  teaspoon salt',½ salt 
7,Tofu Larb, '¼  teaspoon crushed red pepper',red pepper 
7,Tofu Larb, '2   (14-ounce) packages water-packed firm reduced-fat tofu,packed firm fat tofu 
7,Tofu Larb, drained and crumbled',
7,Tofu Larb, '2  teaspoons vegetable oil',vegetable oil 
7,Tofu Larb, '½  teaspoon dark sesame oil',sesame oil 
7,Tofu Larb, '2  cups thinly vertically sliced red onion',
7,Tofu Larb, '3   garlic cloves,
7,Tofu Larb, minced',
7,Tofu Larb, '2   serrano chiles,serrano chiles 
7,Tofu Larb, thinly sliced',
7,Tofu Larb, '½  cup chopped fresh basil',fresh basil 
7,Tofu Larb, '¼  cup chopped fresh mint',fresh mint 
7,Tofu Larb, '9   large green or red cabbage leaves',green cabbage 
8,Bok Choy and Tofu Noodle Bowl,'1   pkg. (7 oz.) fresh udon or other Asian noodles',pkg fresh udon 
8,Bok Choy and Tofu Noodle Bowl, '2  tablespoons reduced-sodium soy sauce',sodium soy sauce 
8,Bok Choy and Tofu Noodle Bowl, '1  tablespoon toasted sesame oil',sesame oil 
8,Bok Choy and Tofu Noodle Bowl, '1  cup vegetable broth',vegetable broth 
8,Bok Choy and Tofu Noodle Bowl, '1   pkg. (14 oz.) firm tofu',pkg firm tofu 
8,Bok Choy and Tofu Noodle Bowl, '2  tablespoons vegetable oil,vegetable oil 
8,Bok Choy and Tofu Noodle Bowl, divided',
8,Bok Choy and Tofu Noodle Bowl, '1  tablespoon each minced fresh ginger and garlic',
8,Bok Choy and Tofu Noodle Bowl, '4   baby bok choy (about 1 lb.),baby bok choy 
8,Bok Choy and Tofu Noodle Bowl, leaves separated',
8,Bok Choy and Tofu Noodle Bowl, '4   green onions,green onions 
8,Bok Choy and Tofu Noodle Bowl, trimmed and sliced',
9,Tofu Saag,'21  ounces firm water-packed tofu,firm packed tofu 
9,Tofu Saag, cut into 1-inch squares',
9,Tofu Saag, '2  tablespoons canola oil,canola oil 
9,Tofu Saag, divided',
9,Tofu Saag, '10  ounces baby spinach,baby spinach 
9,Tofu Saag, stemmed',
9,Tofu Saag, '10  ounces baby kale,baby kale 
9,Tofu Saag, stemmed',
9,Tofu Saag, '1  teaspoon cumin seeds',cumin seeds 
9,Tofu Saag, '1  teaspoon fennel seeds',
9,Tofu Saag, '8   green cardamom pods',green cardamom pods 
9,Tofu Saag, '6   whole cloves',
9,Tofu Saag, '3   dried red chiles de arbol',dried de arbol 
9,Tofu Saag, '2  tablespoons minced fresh ginger',fresh ginger 
9,Tofu Saag, '¼  teaspoon asafetida (optional)',asafetida 
9,Tofu Saag, '¾  teaspoon kosher salt',kosher salt 
9,Tofu Saag, '1\u2009½  tablespoons ghee or canola oil',ghee 
9,Tofu Saag, '¾  teaspoon cumin seeds',cumin seeds 
9,Tofu Saag, '½  teaspoon fennel seeds',
9,Tofu Saag, '3   dried red chiles de arbol',dried de arbol 
9,Tofu Saag, '⅛  teaspoon asafetida (optional)',asafetida 
9,Tofu Saag, '⅛  teaspoon ground red pepper',red pepper 
9,Tofu Saag, '1  teaspoon water',water 
10,Lo Mein with Tofu,'1   (14-ounce) package firm water-packed tofu,firm packed tofu 
10,Lo Mein with Tofu, drained and cut crosswise into 4 (1-inch-thick) pieces',crosswise 
10,Lo Mein with Tofu, '8  ounces whole-wheat linguine',wheat linguine 
10,Lo Mein with Tofu, '1  teaspoon dark sesame oil',sesame oil 
10,Lo Mein with Tofu, '½  teaspoon salt,½ salt 
10,Lo Mein with Tofu, divided',
10,Lo Mein with Tofu, '¼  teaspoon freshly ground black pepper,black pepper 
10,Lo Mein with Tofu, divided',
10,Lo Mein with Tofu, '2  tablespoons canola oil,canola oil 
10,Lo Mein with Tofu, divided',
10,Lo Mein with Tofu, '3  tablespoons oyster sauce',oyster sauce 
10,Lo Mein with Tofu, '1\u2009½  tablespoons mirin (sweet rice wine)',mirin sweet rice wine 
10,Lo Mein with Tofu, '1\u2009½  tablespoons less-sodium soy sauce',sodium soy sauce 
10,Lo Mein with Tofu, '1  teaspoon rice vinegar',rice vinegar 
10,Lo Mein with Tofu, '¾  cup vertically sliced onion',sliced onion 
10,Lo Mein with Tofu, '2  cups shredded cabbage',shredded cabbage 
10,Lo Mein with Tofu, '2  cups peeled,
10,Lo Mein with Tofu, thinly diagonally sliced carrot',sliced carrot 
10,Lo Mein with Tofu, '2   large garlic cloves,
10,Lo Mein with Tofu, thinly sliced',
10,Lo Mein with Tofu, '1\u2009½  cups fresh bean sprouts',fresh bean sprouts 
10,Lo Mein with Tofu, '¼  cup chopped green onions',green onions 
11,Tofu-Mushroom Burgers,'1   (12.3-ounce) package firm tofu,firm tofu 
11,Tofu-Mushroom Burgers, cut in half lengthwise',lengthwise 
11,Tofu-Mushroom Burgers, '1  teaspoon olive oil',olive oil 
11,Tofu-Mushroom Burgers, '1\u2009½  cups diced onion',diced onion 
11,Tofu-Mushroom Burgers, '2  teaspoons dried marjoram',dried marjoram 
11,Tofu-Mushroom Burgers, '½  teaspoon dried thyme',thyme 
11,Tofu-Mushroom Burgers, '2\u2009½  cups finely chopped mushrooms',mushrooms 
11,Tofu-Mushroom Burgers, '2  teaspoons Worcestershire sauce',Worcestershire sauce 
11,Tofu-Mushroom Burgers, '1  tablespoon low-sodium soy sauce',sodium soy sauce 
11,Tofu-Mushroom Burgers, '2   large garlic cloves,
11,Tofu-Mushroom Burgers, minced',
11,Tofu-Mushroom Burgers, '1\u2009½  cups fresh breadcrumbs (about 3 slices bread)',fresh breadcrumbs 
11,Tofu-Mushroom Burgers, '¼  cup dry-roasted cashews,roasted cashews 
11,Tofu-Mushroom Burgers, finely ground',
11,Tofu-Mushroom Burgers, '1\u2009½  teaspoons Dijon mustard',Dijon mustard 
11,Tofu-Mushroom Burgers, '¼  teaspoon freshly ground black pepper',black pepper 
11,Tofu-Mushroom Burgers, '1   large egg,large egg 
11,Tofu-Mushroom Burgers, lightly beaten',
11,Tofu-Mushroom Burgers, 'Cooking spray',Cooking spray 
11,Tofu-Mushroom Burgers, '6   (3-ounce) Kaiser rolls',Kaiser 
12,Szechuan-Style Tofu with Peanuts,'2   (3 1/2-ounce) bags boil-in-bag jasmine rice',jasmine rice 
12,Szechuan-Style Tofu with Peanuts, '1   (14-ounce) package water-packed firm tofu,
12,Szechuan-Style Tofu with Peanuts, drained and cut into 1-inch pieces',
12,Szechuan-Style Tofu with Peanuts, 'Cooking spray',Cooking spray 
12,Szechuan-Style Tofu with Peanuts, '½  cup fat-free,
12,Szechuan-Style Tofu with Peanuts, less-sodium chicken broth',sodium chicken broth 
12,Szechuan-Style Tofu with Peanuts, '1  tablespoon sambal oelek (ground fresh chile paste)',sambal oelek 
12,Szechuan-Style Tofu with Peanuts, '1  tablespoon less-sodium soy sauce',sodium soy sauce 
12,Szechuan-Style Tofu with Peanuts, '1  teaspoon cornstarch',cornstarch 
12,Szechuan-Style Tofu with Peanuts, '2  teaspoons black bean garlic sauce',garlic sauce 
12,Szechuan-Style Tofu with Peanuts, '1  tablespoon canola oil',canola oil 
12,Szechuan-Style Tofu with Peanuts, '¼  teaspoon salt',¼ salt 
12,Szechuan-Style Tofu with Peanuts, '1   (8-ounce) package presliced mushrooms',
12,Szechuan-Style Tofu with Peanuts, '½  cup matchstick-cut carrots',cut carrots 
12,Szechuan-Style Tofu with Peanuts, '1  tablespoon bottled ground fresh ginger (such as Spice World)',fresh ginger 
12,Szechuan-Style Tofu with Peanuts, '½  cup chopped green onions',green onions 
12,Szechuan-Style Tofu with Peanuts, '¼  cup unsalted dry-roasted peanuts,roasted peanuts 
12,Szechuan-Style Tofu with Peanuts, chopped',
13,Tofu Bites,'1  pound extrafirm reduced-fat water-packed tofu,extrafirm fat packed tofu 
13,Tofu Bites, drained and cut into 1/2-inch cubes',
13,Tofu Bites, '1\u2009½  teaspoons vegetable oil',vegetable oil 
13,Tofu Bites, '1  teaspoon dark sesame oil',sesame oil 
13,Tofu Bites, '2  tablespoons low-sodium soy sauce',sodium soy sauce 
13,Tofu Bites, '1  tablespoon rice vinegar',rice vinegar 
14,Thai Fried Rice with Tofu,'2  teaspoons roasted peanut oil',roasted peanut oil 
14,Thai Fried Rice with Tofu, '2  teaspoons bottled minced ginger',
14,Thai Fried Rice with Tofu, '1  teaspoon bottled minced garlic',bottled minced garlic 
14,Thai Fried Rice with Tofu, '½  teaspoon crushed red pepper',red pepper 
14,Thai Fried Rice with Tofu, '1   (9.2-ounce) package original grilled tofu (such as Marjon),
14,Thai Fried Rice with Tofu, cut into 1/2-inch pieces',
14,Thai Fried Rice with Tofu, '¼  cup flaked sweetened coconut,
14,Thai Fried Rice with Tofu, toasted',
14,Thai Fried Rice with Tofu, '1  tablespoon light brown sugar',light brown sugar 
14,Thai Fried Rice with Tofu, '1   large egg,large egg 
14,Thai Fried Rice with Tofu, lightly beaten',
14,Thai Fried Rice with Tofu, '3  cups coarsely chopped bok choy (about 1 large head)',bok choy 
14,Thai Fried Rice with Tofu, '1\u2009½  cups frozen cut green beans,
14,Thai Fried Rice with Tofu, thawed',
14,Thai Fried Rice with Tofu, '¼  cup chopped dry-roasted cashews,roasted cashews 
14,Thai Fried Rice with Tofu, salted',
14,Thai Fried Rice with Tofu, '2  cups chilled cooked jasmine or basmati rice',cooked jasmine 
14,Thai Fried Rice with Tofu, '2  tablespoons soy sauce',soy sauce 
14,Thai Fried Rice with Tofu, '4   lime wedges',lime wedges 
15,Tofu Banh Mi,'1   (14-ounce) package water-packed firm tofu,package packed firm tofu 
15,Tofu Banh Mi, drained',
15,Tofu Banh Mi, '2  tablespoons low-sodium soy sauce',sodium soy sauce 
15,Tofu Banh Mi, '2  teaspoons finely grated peeled fresh ginger',peeled fresh ginger 
15,Tofu Banh Mi, '⅓  cup rice vinegar',rice vinegar 
15,Tofu Banh Mi, '¼  cup sugar',sugar 
15,Tofu Banh Mi, '1  teaspoon kosher salt',kosher salt 
15,Tofu Banh Mi, '1\u2009¼  cups (3-inch) matchstick-cut carrot',
15,Tofu Banh Mi, '1  cup sliced shiitake mushroom caps',shiitake mushroom caps 
15,Tofu Banh Mi, '¼  teaspoon freshly ground black pepper',black pepper 
15,Tofu Banh Mi, '1   julienne-cut green onion',
15,Tofu Banh Mi, '1   cucumber,cucumber 
15,Tofu Banh Mi, peeled,
15,Tofu Banh Mi, halved lengthwise,halved lengthwise 
15,Tofu Banh Mi, and thinly sliced (about 2 cups)',
15,Tofu Banh Mi, '2  tablespoons canola oil',canola oil 
15,Tofu Banh Mi, '1   (12-ounce) loaf French bread',French bread 
15,Tofu Banh Mi, '½  cup fresh cilantro sprigs',fresh cilantro sprigs 
15,Tofu Banh Mi, '2   jalapeño peppers,jalapeño peppers 
15,Tofu Banh Mi, thinly sliced',
16,Pre-Pressed Tofu Has Changed The Tofu Game,,
17,Broccoli-Tofu Stir-Fry,'1   (3 1/2-ounce) bag boil-in-bag brown rice',brown rice 
17,Broccoli-Tofu Stir-Fry, '2  tablespoons low-sodium soy sauce',sodium soy sauce 
17,Broccoli-Tofu Stir-Fry, '2  tablespoons oyster sauce',oyster sauce 
17,Broccoli-Tofu Stir-Fry, '2\u2009½  teaspoons cornstarch',cornstarch 
17,Broccoli-Tofu Stir-Fry, '2  teaspoons rice vinegar',rice vinegar 
17,Broccoli-Tofu Stir-Fry, '2  teaspoons dark sesame oil',sesame oil 
17,Broccoli-Tofu Stir-Fry, '2  teaspoons vegetable oil',vegetable oil 
17,Broccoli-Tofu Stir-Fry, '1  pound firm tofu,firm tofu 
17,Broccoli-Tofu Stir-Fry, drained and cut into 1/2-inch cubes',
17,Broccoli-Tofu Stir-Fry, '¼  teaspoon salt',¼ salt 
17,Broccoli-Tofu Stir-Fry, '2  cups broccoli florets',broccoli florets 
17,Broccoli-Tofu Stir-Fry, '¾  cup water',
17,Broccoli-Tofu Stir-Fry, '1\u2009½  tablespoons bottled minced garlic',bottled minced garlic 
18,Wasabi Pea Tofu with Red Cabbage and Leeks,'2   (14-ounce) packages water-packed extra-firm tofu,packed firm tofu 
18,Wasabi Pea Tofu with Red Cabbage and Leeks, drained',
18,Wasabi Pea Tofu with Red Cabbage and Leeks, '¼  cup canola oil,canola oil 
18,Wasabi Pea Tofu with Red Cabbage and Leeks, divided',
18,Wasabi Pea Tofu with Red Cabbage and Leeks, '12  ounces thinly sliced red cabbage',red cabbage 
18,Wasabi Pea Tofu with Red Cabbage and Leeks, '4   leeks,leeks 
18,Wasabi Pea Tofu with Red Cabbage and Leeks, white and light green parts thinly sliced',white green parts 
18,Wasabi Pea Tofu with Red Cabbage and Leeks, '1  teaspoon kosher salt,kosher salt 
18,Wasabi Pea Tofu with Red Cabbage and Leeks, divided',
18,Wasabi Pea Tofu with Red Cabbage and Leeks, '¾  teaspoon freshly ground black pepper,black pepper 
18,Wasabi Pea Tofu with Red Cabbage and Leeks, divided',
18,Wasabi Pea Tofu with Red Cabbage and Leeks, '1  cup wasabi peas,wasabi peas 
18,Wasabi Pea Tofu with Red Cabbage and Leeks, divided',
18,Wasabi Pea Tofu with Red Cabbage and Leeks, '1   large egg,large egg 
18,Wasabi Pea Tofu with Red Cabbage and Leeks, lightly beaten',
19,Lemongrass Tofu Banh Mi,'1   (14-ounce) package water-packed extra-firm tofu,package packed firm tofu 
19,Lemongrass Tofu Banh Mi, drained',
19,Lemongrass Tofu Banh Mi, '2  tablespoons finely chopped peeled fresh lemongrass',peeled fresh lemongrass 
19,Lemongrass Tofu Banh Mi, '2  tablespoons water',water 
19,Lemongrass Tofu Banh Mi, '1  tablespoon lower-sodium soy sauce',sodium soy sauce 
19,Lemongrass Tofu Banh Mi, '2  teaspoons sesame oil,oil 
19,Lemongrass Tofu Banh Mi, divided',
19,Lemongrass Tofu Banh Mi, '¼  cup rice vinegar',rice vinegar 
19,Lemongrass Tofu Banh Mi, '¼  cup water',water 
19,Lemongrass Tofu Banh Mi, '1  tablespoon sugar',sugar 
19,Lemongrass Tofu Banh Mi, '¼  teaspoon salt',¼ salt 
19,Lemongrass Tofu Banh Mi, '1\u2009¼  cups matchstick-cut carrot',cut carrot 
19,Lemongrass Tofu Banh Mi, '1\u2009¼  cups matchstick-cut peeled daikon radish',
19,Lemongrass Tofu Banh Mi, '1\u2009½  tablespoons chopped fresh cilantro',fresh cilantro 
19,Lemongrass Tofu Banh Mi, '3  tablespoons canola mayonnaise',canola mayonnaise 
19,Lemongrass Tofu Banh Mi, '1\u2009½  teaspoons Sriracha (hot chile sauce,Sriracha 
19,Lemongrass Tofu Banh Mi, such as Huy Fong)',such as 
19,Lemongrass Tofu Banh Mi, '1   (12-ounce) French bread baguette,bread baguette 
19,Lemongrass Tofu Banh Mi, halved lengthwise and toasted',halved lengthwise 
19,Lemongrass Tofu Banh Mi, 'Cooking spray',Cooking spray 
19,Lemongrass Tofu Banh Mi, '1  cup thinly sliced English cucumber',English cucumber 
0,Southwestern Chicken Soup,'1   12-ounce jar salsa verde',jar salsa verde 
0,Southwestern Chicken Soup, '3  cups cooked chicken pieces (1 small deli-counter rotisserie chicken or leftovers)',chicken pieces 
0,Southwestern Chicken Soup, '1   15-ounce can cannellini beans,beans 
0,Southwestern Chicken Soup, drained',
0,Southwestern Chicken Soup, '3  cups chicken broth',chicken broth 
0,Southwestern Chicken Soup, '1  teaspoon ground cumin (optional)',ground cumin 
0,Southwestern Chicken Soup, '2 green onions,green onions 
0,Southwestern Chicken Soup, chopped',
0,Southwestern Chicken Soup, '½  cup sour cream',sour cream 
0,Southwestern Chicken Soup, 'Tortilla chips (optional)',Tortilla optional chips 
1,Angela's Stovetop Chicken,'1   (4- to 5-lb.) whole chicken',whole chicken 
1,Angela's Stovetop Chicken, '1\u2009½  teaspoons salt',salt 
1,Angela's Stovetop Chicken, '¼  teaspoon garlic powder',garlic powder 
1,Angela's Stovetop Chicken, '¼  teaspoon pepper',pepper 
1,Angela's Stovetop Chicken, '2  tablespoons butter',butter 
1,Angela's Stovetop Chicken, '2  tablespoons olive oil',olive oil 
1,Angela's Stovetop Chicken, '¼  cup dry white wine',dry white wine 
2,Smoky Chicken Chili,'2   poblano chile peppers,poblano chile peppers 
2,Smoky Chicken Chili, chopped',
2,Smoky Chicken Chili, '1   large red bell pepper,bell pepper 
2,Smoky Chicken Chili, chopped',
2,Smoky Chicken Chili, '1   medium-size sweet onion,sweet onion 
2,Smoky Chicken Chili, chopped',
2,Smoky Chicken Chili, '3   garlic cloves,
2,Smoky Chicken Chili, minced',
2,Smoky Chicken Chili, '2  tablespoons olive oil',olive oil 
2,Smoky Chicken Chili, '2   (14 1/2-oz.) cans zesty chili-style diced tomatoes',zesty diced tomatoes 
2,Smoky Chicken Chili, '3  cups shredded or chopped smoked chicken (about 1 lb.)',smoked chicken 
2,Smoky Chicken Chili, '1   (16-oz.) can navy beans',beans 
2,Smoky Chicken Chili, '1   (15-oz.) can black beans,black beans 
2,Smoky Chicken Chili, rinsed and drained',
2,Smoky Chicken Chili, '1   (12-oz.) can beer*',
2,Smoky Chicken Chili, '1   (1.25-oz.) envelope white chicken chili seasoning mix',envelope chili seasoning mix 
2,Smoky Chicken Chili, 'Toppings: shredded Cheddar cheese,Cheddar cheese 
2,Smoky Chicken Chili, chopped fresh cilantro,fresh cilantro 
2,Smoky Chicken Chili, sour cream,sour cream 
2,Smoky Chicken Chili, lime wedges,lime wedges 
2,Smoky Chicken Chili, baby corn,baby corn 
2,Smoky Chicken Chili, sliced black olives,sliced black olives 
2,Smoky Chicken Chili, chopped red onion,chopped red onion 
2,Smoky Chicken Chili, tortilla chips',tortilla chips 
3,Chicken and Dumplings,'Stew:',
3,Chicken and Dumplings, '½  cup all-purpose flour',purpose flour 
3,Chicken and Dumplings, '½  teaspoon salt',½ salt 
3,Chicken and Dumplings, '½  teaspoon pepper',½ pepper 
3,Chicken and Dumplings, '½  teaspoon garlic powder',garlic powder 
3,Chicken and Dumplings, '½  teaspoon onion powder',½ onion powder 
3,Chicken and Dumplings, '1  teaspoon chopped fresh thyme',fresh thyme 
3,Chicken and Dumplings, '1  teaspoon chopped fresh sage',fresh sage 
3,Chicken and Dumplings, '2  pounds boneless,boneless 
3,Chicken and Dumplings, skinless chicken thighs,skinless chicken thighs 
3,Chicken and Dumplings, cut into 1-inch pieces',
3,Chicken and Dumplings, '2  tablespoons canola oil',canola oil 
3,Chicken and Dumplings, '2   large carrots,large carrots 
3,Chicken and Dumplings, thinly sliced',
3,Chicken and Dumplings, '2   ribs celery,ribs celery 
3,Chicken and Dumplings, thinly sliced',
3,Chicken and Dumplings, '2  cups frozen pearl onions,frozen pearl onions 
3,Chicken and Dumplings, defrosted',
3,Chicken and Dumplings, '4  cups low-sodium chicken broth',sodium chicken broth 
3,Chicken and Dumplings, '½  cup half-and-half',
3,Chicken and Dumplings, '1  cup frozen peas',frozen peas 
3,Chicken and Dumplings, 'Dumplings:',Dumplings 
3,Chicken and Dumplings, '1  cup whole-wheat flour',wheat flour 
3,Chicken and Dumplings, '½  cup all-purpose flour',purpose flour 
3,Chicken and Dumplings, '½  teaspoon baking soda',baking soda 
3,Chicken and Dumplings, '¼  teaspoon salt',¼ salt 
3,Chicken and Dumplings, '1  tablespoon chopped fresh thyme',fresh thyme 
3,Chicken and Dumplings, '¼  teaspoon chopped fresh sage',fresh sage 
3,Chicken and Dumplings, '1\u2009¼  cups buttermilk',
4,Marinated Chicken Quarters,'½  cup butter or margarine,½ butter 
4,Marinated Chicken Quarters, melted',
4,Marinated Chicken Quarters, '½  cup lemon juice',lemon juice 
4,Marinated Chicken Quarters, '1  tablespoon paprika',paprika 
4,Marinated Chicken Quarters, '1  tablespoon dried oregano',
4,Marinated Chicken Quarters, '1  teaspoon garlic salt',garlic salt 
4,Marinated Chicken Quarters, '1  teaspoon dried or 1 tablespoon chopped fresh cilantro',fresh cilantro 
4,Marinated Chicken Quarters, '1  teaspoon ground cumin',ground cumin 
4,Marinated Chicken Quarters, '1   (2 1/2-pound) whole chicken,
4,Marinated Chicken Quarters, quartered',
4,Marinated Chicken Quarters, '½  teaspoon salt',½ salt 
4,Marinated Chicken Quarters, '½  teaspoon pepper',½ pepper 
5,Thai-Style Chicken,'1\u2009½  teaspoons vegetable oil',vegetable oil 
5,Thai-Style Chicken, '1   medium onion,medium onion 
5,Thai-Style Chicken, cut into 1/4-inch wedges',
5,Thai-Style Chicken, '¾  cup light coconut milk',light coconut milk 
5,Thai-Style Chicken, '½  teaspoon red curry paste',curry paste 
5,Thai-Style Chicken, '⅛  teaspoon black pepper',black pepper 
5,Thai-Style Chicken, '1  pound chicken breast tenders',breast tenders 
5,Thai-Style Chicken, '3  tablespoons chopped fresh cilantro',fresh cilantro 
5,Thai-Style Chicken, '1\u2009½  teaspoons fish sauce',fish sauce 
5,Thai-Style Chicken, '¼  teaspoon salt',¼ salt 
5,Thai-Style Chicken, '1   (7-ounce) bottle roasted red bell peppers,bottle bell peppers 
5,Thai-Style Chicken, drained and coarsely chopped',
6,Jerk-Style Chicken,'1  teaspoon grated lime rind',grated lime rind 
6,Jerk-Style Chicken, '¼  cup fresh lime juice',fresh lime juice 
6,Jerk-Style Chicken, '1  tablespoon ground allspice',ground allspice 
6,Jerk-Style Chicken, '1  tablespoon brown sugar',brown sugar 
6,Jerk-Style Chicken, '1   to 2 tablespoons finely chopped jalapeño pepper',jalapeño pepper 
6,Jerk-Style Chicken, '2  tablespoons olive oil',olive oil 
6,Jerk-Style Chicken, '1  teaspoon salt',salt 
6,Jerk-Style Chicken, '1  teaspoon coarsely ground black pepper',black pepper 
6,Jerk-Style Chicken, '1  teaspoon dried thyme',dried thyme 
6,Jerk-Style Chicken, '1  teaspoon ground cinnamon',ground cinnamon 
6,Jerk-Style Chicken, '½  teaspoon ground nutmeg',ground nutmeg 
6,Jerk-Style Chicken, '3   garlic cloves,
6,Jerk-Style Chicken, chopped',
6,Jerk-Style Chicken, '½  cup chopped onion',onion 
6,Jerk-Style Chicken, '6   skinless,skinless 
6,Jerk-Style Chicken, boneless chicken thighs (about 1 pound)',boneless chicken thighs 
6,Jerk-Style Chicken, '3   (6-ounce) skinless,skinless 
6,Jerk-Style Chicken, boneless chicken breast halves',boneless breast halves 
6,Jerk-Style Chicken, 'Cooking spray',Cooking spray 
6,Jerk-Style Chicken, 'Parsley sprigs (optional)',Parsley optional sprigs 
6,Jerk-Style Chicken, 'Lime slices (optional)',Lime optional slices 
7,Oven-Fried Chicken Cutlets,'⅓  cup butter or margarine,butter 
7,Oven-Fried Chicken Cutlets, melted',
7,Oven-Fried Chicken Cutlets, '1  tablespoon Dijon mustard',Dijon mustard 
7,Oven-Fried Chicken Cutlets, '¼  teaspoon garlic powder',garlic powder 
7,Oven-Fried Chicken Cutlets, '¼  teaspoon salt',¼ salt 
7,Oven-Fried Chicken Cutlets, '¼  teaspoon pepper',pepper 
7,Oven-Fried Chicken Cutlets, '1  cup round buttery cracker crumbs (about 44 crackers)',cracker crumbs 
7,Oven-Fried Chicken Cutlets, '½  cup grated Parmesan cheese',Parmesan cheese 
7,Oven-Fried Chicken Cutlets, '4   chicken breast cutlets (about 1 1/4 pounds)',breast cutlets 
7,Oven-Fried Chicken Cutlets, 'Garnish: chopped fresh parsley',fresh parsley 
8,Creamy Chicken Salad,'2  pounds skinless,skinless 
8,Creamy Chicken Salad, boneless chicken breast halves',boneless breast halves 
8,Creamy Chicken Salad, '½  cup light mayonnaise',light mayonnaise 
8,Creamy Chicken Salad, '½  cup plain fat-free Greek yogurt',plain free Greek yogurt 
8,Creamy Chicken Salad, '1  tablespoon fresh lemon juice',fresh lemon juice 
8,Creamy Chicken Salad, '1  tablespoon white wine vinegar',wine vinegar 
8,Creamy Chicken Salad, '1  tablespoon Dijon mustard',Dijon mustard 
8,Creamy Chicken Salad, '1  teaspoon honey',honey 
8,Creamy Chicken Salad, '½  teaspoon kosher salt',kosher salt 
8,Creamy Chicken Salad, '½  teaspoon freshly ground black pepper',black pepper 
8,Creamy Chicken Salad, '⅓  cup chopped celery',celery 
8,Creamy Chicken Salad, '⅓  cup sweetened dried cranberries',dried cranberries 
8,Creamy Chicken Salad, '7  tablespoons (about 2 ounces) coarsely chopped smoked almonds',smoked almonds 
8,Creamy Chicken Salad, '6  cups mixed salad greens',mixed salad greens 
9,Vietnamese Chicken Sandwiches,'1   (12-ounce) French bread baguette',bread baguette 
9,Vietnamese Chicken Sandwiches, '2  teaspoons canola oil',canola oil 
9,Vietnamese Chicken Sandwiches, '1  pound chicken cutlets',chicken cutlets 
9,Vietnamese Chicken Sandwiches, '¼  teaspoon black pepper',black pepper 
9,Vietnamese Chicken Sandwiches, '2  teaspoons minced garlic,minced garlic 
9,Vietnamese Chicken Sandwiches, divided',
9,Vietnamese Chicken Sandwiches, '1  tablespoon lower-sodium soy sauce',sodium soy sauce 
9,Vietnamese Chicken Sandwiches, '2  teaspoons dark sesame oil',sesame oil 
9,Vietnamese Chicken Sandwiches, '2  teaspoons hoisin sauce',hoisin sauce 
9,Vietnamese Chicken Sandwiches, '½  cup sugar',sugar 
9,Vietnamese Chicken Sandwiches, '½  cup rice vinegar',rice vinegar 
9,Vietnamese Chicken Sandwiches, '1  cup matchstick-cut carrots',cut carrots 
9,Vietnamese Chicken Sandwiches, '1  cup very thinly sliced radishes',radishes 
9,Vietnamese Chicken Sandwiches, '2  cups thinly sliced English cucumber',English cucumber 
9,Vietnamese Chicken Sandwiches, '1\u2009½  cups thinly sliced romaine lettuce',romaine lettuce 
9,Vietnamese Chicken Sandwiches, '½  cup cilantro leaves',cilantro 
9,Vietnamese Chicken Sandwiches, '1  tablespoon Sriracha (hot chile sauce,chile sauce 
9,Vietnamese Chicken Sandwiches, such as Huy Fong)',such as 
10,Chicken Marsala,'4   (6-ounce) skinless,skinless 
10,Chicken Marsala, boneless chicken breast halves',boneless breast halves 
10,Chicken Marsala, '¼  teaspoon salt',¼ salt 
10,Chicken Marsala, '¼  teaspoon freshly ground black pepper',black pepper 
10,Chicken Marsala, '2  tablespoons all-purpose flour',purpose flour 
10,Chicken Marsala, '1  tablespoon olive oil',olive oil 
10,Chicken Marsala, '1  cup presliced mushrooms',mushrooms 
10,Chicken Marsala, '½  cup Marsala wine',Marsala wine 
10,Chicken Marsala, '½  cup fat-free,
10,Chicken Marsala, less-sodium chicken broth',sodium chicken broth 
10,Chicken Marsala, '2  tablespoons fresh lemon juice',
10,Chicken Marsala, '1  tablespoon chopped fresh parsley',fresh parsley 
11,Moroccan Chicken Thighs,'½  teaspoon olive oil',½ olive oil 
11,Moroccan Chicken Thighs, '2  pounds skinless,skinless 
11,Moroccan Chicken Thighs, boneless chicken thighs',boneless chicken thighs 
11,Moroccan Chicken Thighs, '2  cups thinly sliced yellow onion',yellow onion 
11,Moroccan Chicken Thighs, '1  tablespoon minced peeled fresh ginger',minced peeled fresh ginger 
11,Moroccan Chicken Thighs, '1  teaspoon ground cumin',ground cumin 
11,Moroccan Chicken Thighs, '½  teaspoon salt',½ salt 
11,Moroccan Chicken Thighs, '½  teaspoon ground coriander',½ ground coriander 
11,Moroccan Chicken Thighs, '½  teaspoon ground cinnamon',ground cinnamon 
11,Moroccan Chicken Thighs, '½  teaspoon freshly ground black pepper',black pepper 
11,Moroccan Chicken Thighs, '4   garlic cloves,
11,Moroccan Chicken Thighs, minced',
11,Moroccan Chicken Thighs, '1\u2009½  cups fat-free,
11,Moroccan Chicken Thighs, less-sodium chicken broth',sodium chicken broth 
11,Moroccan Chicken Thighs, '1   (15 1/2-ounce) can chickpeas (garbanzo beans),chickpeas 
11,Moroccan Chicken Thighs, rinsed and drained',
11,Moroccan Chicken Thighs, '1   (7-ounce) package dried apricots (about 1 1/3 cups),dried apricots 
11,Moroccan Chicken Thighs, halved',
12,Mexican Chicken Mole,'¾  cup chopped green bell pepper',bell pepper 
12,Mexican Chicken Mole, '½  cup chopped onion',onion 
12,Mexican Chicken Mole, '1  tablespoon vegetable oil',vegetable oil 
12,Mexican Chicken Mole, '1   garlic clove,
12,Mexican Chicken Mole, minced',
12,Mexican Chicken Mole, '1  tablespoon sugar',sugar 
12,Mexican Chicken Mole, '3  tablespoons unsweetened cocoa',unsweetened cocoa 
12,Mexican Chicken Mole, '1  tablespoon chili powder',chili powder 
12,Mexican Chicken Mole, '1  teaspoon ground cumin',ground cumin 
12,Mexican Chicken Mole, '½  teaspoon salt',½ salt 
12,Mexican Chicken Mole, '1   (14.5-ounce) can no-salt-added whole tomatoes,added whole tomatoes 
12,Mexican Chicken Mole, undrained and chopped',
12,Mexican Chicken Mole, '1   (4.5-ounce) can chopped green chiles,green chiles 
12,Mexican Chicken Mole, drained',
12,Mexican Chicken Mole, '3   (4-ounce) skinned,
12,Mexican Chicken Mole, boned chicken thighs',chicken thighs 
12,Mexican Chicken Mole, '3   (4-ounce) skinned,
12,Mexican Chicken Mole, boned chicken breast halves',breast halves 
12,Mexican Chicken Mole, '¼  teaspoon salt',¼ salt 
12,Mexican Chicken Mole, '1  tablespoon water',water 
12,Mexican Chicken Mole, '2  teaspoons cornstarch',cornstarch 
12,Mexican Chicken Mole, '6  cups hot cooked rice',hot cooked rice 
12,Mexican Chicken Mole, 'Cilantro sprigs (optional)',Cilantro optional sprigs 
13,Dixie Fried Chicken,'2\u2009½   to 3 pounds broiler-fryer,
13,Dixie Fried Chicken, cut up,
13,Dixie Fried Chicken, or 2 1/2 pounds assorted chicken pieces',assorted chicken pieces 
13,Dixie Fried Chicken, '½  teaspoon salt',½ salt 
13,Dixie Fried Chicken, '½  teaspoon freshly ground black pepper',black pepper 
13,Dixie Fried Chicken, '1\u2009½  cups all-purpose flour',purpose flour 
13,Dixie Fried Chicken, '1  teaspoon ground red pepper',red pepper 
13,Dixie Fried Chicken, '1   egg,egg 
13,Dixie Fried Chicken, lightly beaten',
13,Dixie Fried Chicken, '⅓  cup milk',
13,Dixie Fried Chicken, 'Vegtable oil',Vegtable oil 
13,Dixie Fried Chicken, 'Creamy gravy:',Creamy gravy 
13,Dixie Fried Chicken, '¼  cup reserved pan drippings',pan drippings 
13,Dixie Fried Chicken, '¼  cup all-purpose flour',purpose flour 
13,Dixie Fried Chicken, '2\u2009½   to 3 cups hot milk',' 
13,Dixie Fried Chicken, '½  teaspoon salt',½ salt 
13,Dixie Fried Chicken, '¼  teaspoon freshly ground black pepper',black pepper 
13,Dixie Fried Chicken, 'Dash of ground red pepper',Dash 
14,Chicken with Black Bean Salsa,'Salsa:',Salsa 
14,Chicken with Black Bean Salsa, '½  cup canned black beans,black beans 
14,Chicken with Black Bean Salsa, rinsed and drained',
14,Chicken with Black Bean Salsa, '¼  cup fresh corn kernels',fresh corn kernels 
14,Chicken with Black Bean Salsa, '1  tablespoon chopped red onion',red onion 
14,Chicken with Black Bean Salsa, '1  teaspoon chopped seeded jalapeño pepper',seeded jalapeño pepper 
14,Chicken with Black Bean Salsa, '1  teaspoon fresh lime juice',fresh lime juice 
14,Chicken with Black Bean Salsa, '1  teaspoon extravirgin olive oil',extravirgin olive oil 
14,Chicken with Black Bean Salsa, '⅛  teaspoon salt',salt 
14,Chicken with Black Bean Salsa, '⅛  teaspoon ground coriander',ground coriander 
14,Chicken with Black Bean Salsa, '4   grape or cherry tomatoes,tomatoes 
14,Chicken with Black Bean Salsa, quartered',
14,Chicken with Black Bean Salsa, 'Chicken:',Chicken 
14,Chicken with Black Bean Salsa, '1  teaspoon butter',butter 
14,Chicken with Black Bean Salsa, 'Cooking spray',Cooking spray 
14,Chicken with Black Bean Salsa, '1   (6-ounce) skinless,skinless 
14,Chicken with Black Bean Salsa, boneless chicken breast half',boneless chicken breast half 
14,Chicken with Black Bean Salsa, 'Dash of salt',Dash 
14,Chicken with Black Bean Salsa, 'Dash of freshly ground black pepper',Dash 
14,Chicken with Black Bean Salsa, 'Lime slice (optional)',Lime slice 
15,Easy Chicken Pot Pie,"""1   can (10 3/4 ounces) Campbell's® Condensed Cream of Chicken Soup (regular or 98% Fat Free)*""",® 
15,Easy Chicken Pot Pie, '1   package (about 9 ounces) frozen mixed vegetables,package 
15,Easy Chicken Pot Pie, thawed',
15,Easy Chicken Pot Pie, '1  cup cubed cooked chicken or turkey',
15,Easy Chicken Pot Pie, '½  cup milk',milk 
15,Easy Chicken Pot Pie, '1   egg',egg 
15,Easy Chicken Pot Pie, '1  cup all-purpose baking mix',baking mix 
16,Chicken Marsala Tetrazzini,'1   (8-oz.) package vermicelli',package vermicelli 
16,Chicken Marsala Tetrazzini, '2  tablespoons butter',butter 
16,Chicken Marsala Tetrazzini, '1   (8-oz.) package sliced fresh mushrooms',package fresh mushrooms 
16,Chicken Marsala Tetrazzini, '3  ounces finely chopped prosciutto',prosciutto 
16,Chicken Marsala Tetrazzini, '3  cups chopped cooked chicken',cooked chicken 
16,Chicken Marsala Tetrazzini, '1  cup frozen baby English peas,baby English peas 
16,Chicken Marsala Tetrazzini, thawed',
16,Chicken Marsala Tetrazzini, '1   (10 3/4-oz.) can reduced-fat cream of mushroom soup',
16,Chicken Marsala Tetrazzini, '1   (10-oz.) container refrigerated light Alfredo sauce',container light Alfredo sauce 
16,Chicken Marsala Tetrazzini, '½  cup chicken broth',chicken broth 
16,Chicken Marsala Tetrazzini, '¼  cup Marsala',Marsala 
16,Chicken Marsala Tetrazzini, '1  cup (4-oz.) shredded Parmesan cheese',Parmesan cheese 
17,Chicken Cacciatore,'¼  cup all-purpose flour',purpose flour 
17,Chicken Cacciatore, '1\u2009¼  teaspoons kosher salt',kosher salt 
17,Chicken Cacciatore, '¾  teaspoon black pepper',black pepper 
17,Chicken Cacciatore, '1   3 1/2- to 4-pound chicken,
17,Chicken Cacciatore, cut into pieces',
17,Chicken Cacciatore, '¼  cup olive oil',olive oil 
17,Chicken Cacciatore, '1   medium yellow onion,yellow onion 
17,Chicken Cacciatore, roughly chopped',
17,Chicken Cacciatore, '1   carrot,carrot 
17,Chicken Cacciatore, diced',
17,Chicken Cacciatore, '1   celery stalk,celery stalk 
17,Chicken Cacciatore, diced',
17,Chicken Cacciatore, '4   cloves garlic,
17,Chicken Cacciatore, finely chopped',
17,Chicken Cacciatore, '3   sprigs fresh thyme',fresh thyme 
17,Chicken Cacciatore, '1   bay leaf',bay leaf 
17,Chicken Cacciatore, '1   28-ounce can plum tomatoes',plum 
17,Chicken Cacciatore, '⅓  cup dry red wine',
17,Chicken Cacciatore, '¼  cup fresh flat-leaf parsley,fresh leaf parsley 
17,Chicken Cacciatore,roughly chopped',
18,Easy Rotisserie Chicken Recipes,,
19,Cajun Oven-Fried Chicken,'⅓  cup low-fat buttermilk',fat buttermilk 
19,Cajun Oven-Fried Chicken, '1  tablespoon salt-free Cajun seasoning (such as Spice Hunter)',Cajun seasoning 
19,Cajun Oven-Fried Chicken, '½  teaspoon salt',½ salt 
19,Cajun Oven-Fried Chicken, '1  cup panko (Japanese breadcrumbs)',panko 
19,Cajun Oven-Fried Chicken, '2   chicken breast halves (about 1 pound),breast halves 
19,Cajun Oven-Fried Chicken, skinned',
19,Cajun Oven-Fried Chicken, '2   chicken drumsticks (about1/2 pound),chicken drumsticks 
19,Cajun Oven-Fried Chicken, skinned',
19,Cajun Oven-Fried Chicken, '2   chicken thighs (about 1/2 pound),chicken thighs 
19,Cajun Oven-Fried Chicken, skinned',
19,Cajun Oven-Fried Chicken, 'Cooking spray',Cooking spray 
0,Greek Salmon Burgers,'1  pound skinless salmon fillets,salmon fillets 
0,Greek Salmon Burgers, cut into 2-inch pieces',
0,Greek Salmon Burgers, '½  cup panko',panko 
0,Greek Salmon Burgers, '1   large egg white',
0,Greek Salmon Burgers, '1  pinch kosher salt',kosher salt 
0,Greek Salmon Burgers, '¼  teaspoon freshly ground black pepper',black pepper 
0,Greek Salmon Burgers, '½  cup cucumber slices',cucumber slices 
0,Greek Salmon Burgers, '¼  cup crumbled feta cheese',feta cheese 
0,Greek Salmon Burgers, '4   (2.5-oz) ciabatta rolls,ciabatta rolls 
0,Greek Salmon Burgers, toasted',
1,Sockeye Salmon Crostini,'1   (6-ounce) fresh or frozen sustainable sockeye salmon fillet (such as Alaskan)',
1,Sockeye Salmon Crostini, '¼  teaspoon freshly ground black pepper,black pepper 
1,Sockeye Salmon Crostini, divided',
1,Sockeye Salmon Crostini, '2  tablespoons finely chopped shallots',shallots 
1,Sockeye Salmon Crostini, '1  tablespoon chopped drained capers',drained capers 
1,Sockeye Salmon Crostini, '3  tablespoons crème fraîche',crème fraîche 
1,Sockeye Salmon Crostini, '¼  teaspoon grated lemon rind',lemon rind 
1,Sockeye Salmon Crostini, '1  teaspoon fresh lemon juice',fresh lemon juice 
1,Sockeye Salmon Crostini, '12   (1/2-ounce) slices diagonally cut French bread baguette,slices bread baguette 
1,Sockeye Salmon Crostini, toasted',
1,Sockeye Salmon Crostini, '12   small dill sprigs',dill sprigs 
2,Almond-Crusted Salmon,'¼  cup almond meal',almond meal 
2,Almond-Crusted Salmon, '¼  cup panko',panko 
2,Almond-Crusted Salmon, '¼  teaspoon ground coriander',ground coriander 
2,Almond-Crusted Salmon, '⅛  teaspoon ground cumin',ground cumin 
2,Almond-Crusted Salmon, '4   (6-ounce) salmon fillets,salmon fillets 
2,Almond-Crusted Salmon, about 1-inch thick',
2,Almond-Crusted Salmon, '2  teaspoons lemon juice',lemon juice 
2,Almond-Crusted Salmon, '½  teaspoon kosher salt',kosher salt 
2,Almond-Crusted Salmon, '¼  teaspoon freshly ground black pepper',black pepper 
2,Almond-Crusted Salmon, 'Cooking spray',Cooking spray 
2,Almond-Crusted Salmon, '4   lemon wedges',lemon wedges 
3,Citrus Roasted Salmon,'4   oranges',oranges 
3,Citrus Roasted Salmon, '3   limes',limes 
3,Citrus Roasted Salmon, '1   (3-lb.) skin-on salmon fillet,skin salmon fillet 
3,Citrus Roasted Salmon, pin bones removed',pin bones 
3,Citrus Roasted Salmon, '2  tablespoons unsalted butter,unsalted butter 
3,Citrus Roasted Salmon, melted',
3,Citrus Roasted Salmon, '2  teaspoons kosher salt,kosher salt 
3,Citrus Roasted Salmon, divided',
3,Citrus Roasted Salmon, '¾  teaspoon black pepper,black pepper 
3,Citrus Roasted Salmon, divided',
3,Citrus Roasted Salmon, '4  tablespoons unsalted butter,unsalted butter 
3,Citrus Roasted Salmon, cubed',
3,Citrus Roasted Salmon, '¼  cup chopped fresh dill,fresh dill 
3,Citrus Roasted Salmon, divided',
4,Salmon with Orange Marmalade,'¼  cup orange marmalade',orange marmalade 
4,Salmon with Orange Marmalade, '2  tablespoons low-sodium soy sauce',sodium soy sauce 
4,Salmon with Orange Marmalade, '2   garlic cloves,
4,Salmon with Orange Marmalade, minced',
4,Salmon with Orange Marmalade, '1   (1 1/2-pound) salmon fillet',
4,Salmon with Orange Marmalade, '¼  teaspoon salt',¼ salt 
5,Smoked Salmon Salad in Cucumber Cups,'¼  cup finely chopped green onions',green onions 
5,Smoked Salmon Salad in Cucumber Cups, '2  tablespoons plain 2% reduced-fat Greek yogurt',fat Greek yogurt 
5,Smoked Salmon Salad in Cucumber Cups, '2  tablespoons canola mayonnaise',canola mayonnaise 
5,Smoked Salmon Salad in Cucumber Cups, '2  tablespoons drained capers',capers 
5,Smoked Salmon Salad in Cucumber Cups, '1  tablespoon chopped fresh dill,fresh dill 
5,Smoked Salmon Salad in Cucumber Cups, divided',
5,Smoked Salmon Salad in Cucumber Cups, '1   (12-ounce) package cold-smoked salmon,
5,Smoked Salmon Salad in Cucumber Cups, coarsely chopped',
5,Smoked Salmon Salad in Cucumber Cups, '3   English cucumbers',English cucumbers 
5,Smoked Salmon Salad in Cucumber Cups, '⅛  teaspoon freshly ground black pepper',black pepper 
6,Curried Salmon Cakes,'2   large eggs',large eggs 
6,Curried Salmon Cakes, '2   pouches (about 7 oz. each) boned,pouches 
6,Curried Salmon Cakes, skinned pink salmon,pink salmon 
6,Curried Salmon Cakes, or 1 can (about 15 oz.) red or pink salmon,red salmon 
6,Curried Salmon Cakes, drained,
6,Curried Salmon Cakes, skin removed',skin 
6,Curried Salmon Cakes, '½  cup finely chopped apple',apple 
6,Curried Salmon Cakes, '¼  cup fine dried bread crumbs',bread crumbs 
6,Curried Salmon Cakes, '¼  cup thinly sliced green onions',green onions 
6,Curried Salmon Cakes, '2  tablespoons mayonnaise',mayonnaise 
6,Curried Salmon Cakes, '1  teaspoon curry powder',curry powder 
6,Curried Salmon Cakes, '½  teaspoon paprika',½ paprika 
6,Curried Salmon Cakes, '¼  teaspoon pepper',pepper 
6,Curried Salmon Cakes, '1  tablespoon vegetable oil',vegetable oil 
6,Curried Salmon Cakes, 'Lemon-curry aioli',curry aioli 
7,Easy Pesto Salmon,'2  cups fresh spinach leaves',spinach 
7,Easy Pesto Salmon, '½  cup basil leaves',basil 
7,Easy Pesto Salmon, '¼  cup fat-free,
7,Easy Pesto Salmon, less-sodium chicken broth',sodium chicken broth 
7,Easy Pesto Salmon, '1  tablespoon olive oil',olive oil 
7,Easy Pesto Salmon, '¼  teaspoon salt',¼ salt 
7,Easy Pesto Salmon, '3   garlic cloves,
7,Easy Pesto Salmon, peeled',
7,Easy Pesto Salmon, 'Cooking spray',Cooking spray 
7,Easy Pesto Salmon, '2   (6-ounce) salmon fillets,salmon fillets 
7,Easy Pesto Salmon, skinned',
7,Easy Pesto Salmon, '⅔  cup hot cooked brown rice',hot cooked brown rice 
8,Smoked Salmon Dip,'8  ounces cream cheese or Neufchâtel,cream cheese 
8,Smoked Salmon Dip, softened',
8,Smoked Salmon Dip, '½  cup sour cream',sour cream 
8,Smoked Salmon Dip, '1  tablespoon fresh lemon juice',fresh lemon juice 
8,Smoked Salmon Dip, '2  tablespoons capers',capers 
8,Smoked Salmon Dip, '2  tablespoons finely chopped red onion',red onion 
8,Smoked Salmon Dip, '2  tablespoons chopped fresh dill',fresh dill 
8,Smoked Salmon Dip, '4  ounces smoked salmon,salmon 
8,Smoked Salmon Dip, coarsely chopped',
8,Smoked Salmon Dip, 'Raw vegetables,Raw vegetables 
8,Smoked Salmon Dip, breadsticks,breadsticks 
8,Smoked Salmon Dip, or flatbread crackers',flatbread crackers 
9,Sesame-Soy Salmon,'⅓  cup light brown sugar',light brown sugar 
9,Sesame-Soy Salmon, '¼  cup soy sauce',soy sauce 
9,Sesame-Soy Salmon, '2  teaspoons rice wine vinegar',wine vinegar 
9,Sesame-Soy Salmon, '2   (6-ounce) salmon fillets',
9,Sesame-Soy Salmon, '1  teaspoon olive oil',olive oil 
9,Sesame-Soy Salmon, '1  teaspoon sesame oil',sesame oil 
9,Sesame-Soy Salmon, '1  tablespoon sesame seeds',sesame seeds 
9,Sesame-Soy Salmon, '2  tablespoons chopped fresh chives',fresh chives 
10,Mango-glazed Salmon,'2  tablespoons soy sauce',soy sauce 
10,Mango-glazed Salmon, '1  tablespoon minced fresh ginger',minced fresh ginger 
10,Mango-glazed Salmon, '1   (3-inch) cinnamon stick',cinnamon stick 
10,Mango-glazed Salmon, '1   star anise',star anise 
10,Mango-glazed Salmon, '1  teaspoon rice vinegar',rice vinegar 
10,Mango-glazed Salmon, '1   (10-ounce) bottle mango nectar',
10,Mango-glazed Salmon, '6   (6-ounce) salmon fillets,salmon fillets 
10,Mango-glazed Salmon, about 1 inch thick',
11,Sesame-Crusted Salmon,'¼  cup sesame seeds',sesame seeds 
11,Sesame-Crusted Salmon, '1  tablespoon grated orange rind',orange rind 
11,Sesame-Crusted Salmon, '½  teaspoon salt',½ salt 
11,Sesame-Crusted Salmon, '1  teaspoon dark sesame oil',sesame oil 
11,Sesame-Crusted Salmon, '4   (6-ounce) salmon fillets (about 1 inch thick)',salmon thick fillets 
11,Sesame-Crusted Salmon, 'Cooking spray',Cooking spray 
11,Sesame-Crusted Salmon, '1\u2009¼  cups water',
11,Sesame-Crusted Salmon, '¾  cup uncooked couscous',
11,Sesame-Crusted Salmon, '¼  cup sliced green onions',green onions 
11,Sesame-Crusted Salmon, '2  tablespoons orange juice',
11,Sesame-Crusted Salmon, '¼  teaspoon salt',¼ salt 
12,Grilled Asian Salmon,'3  tablespoons lower-sodium soy sauce',sodium soy sauce 
12,Grilled Asian Salmon, '1  tablespoon light brown sugar',light brown sugar 
12,Grilled Asian Salmon, '2  teaspoons fresh lime juice',
12,Grilled Asian Salmon, '1  teaspoon grated peeled fresh ginger',peeled fresh ginger 
12,Grilled Asian Salmon, '½  teaspoon dark sesame oil',sesame oil 
12,Grilled Asian Salmon, '½  teaspoon Sriracha (hot chile sauce)',chile sauce 
12,Grilled Asian Salmon, '1   (1 1/2-pound) salmon fillet,
12,Grilled Asian Salmon, cut lengthwise and crosswise into 4 pieces',lengthwise 
12,Grilled Asian Salmon, 'Cooking spray',Cooking spray 
13,Salmon with Mustard Cream,'4   (6-ounce) skinless salmon fillets',salmon fillets 
13,Salmon with Mustard Cream, 'Cooking spray',Cooking spray 
13,Salmon with Mustard Cream, '⅛  teaspoon coarsely ground black pepper',black pepper 
13,Salmon with Mustard Cream, '½  cup reduced-fat sour cream',sour cream 
13,Salmon with Mustard Cream, '1\u2009½  tablespoons Dijon mustard',Dijon mustard 
13,Salmon with Mustard Cream, '2  teaspoons chopped fresh dill',fresh dill 
13,Salmon with Mustard Cream, '¼  teaspoon coarsely ground black pepper',black pepper 
13,Salmon with Mustard Cream, '1\u2009½  teaspoons lemon juice',lemon juice 
13,Salmon with Mustard Cream, '1   garlic clove,
13,Salmon with Mustard Cream, minced',
13,Salmon with Mustard Cream, '¼  teaspoon salt',¼ salt 
14,Lime-Marinated Broiled Salmon,'⅓  cup low-sodium soy sauce',sodium soy sauce 
14,Lime-Marinated Broiled Salmon, '¼  cup fresh lime juice',fresh lime juice 
14,Lime-Marinated Broiled Salmon, '1  teaspoon minced peeled fresh ginger',peeled fresh ginger 
14,Lime-Marinated Broiled Salmon, '½  teaspoon chopped fresh thyme',fresh thyme 
14,Lime-Marinated Broiled Salmon, '2   garlic cloves,
14,Lime-Marinated Broiled Salmon, chopped',
14,Lime-Marinated Broiled Salmon, '4   (6-ounce) skinless salmon fillets (about 1 inch thick)',salmon thick fillets 
14,Lime-Marinated Broiled Salmon, 'Cooking spray',Cooking spray 
14,Lime-Marinated Broiled Salmon, '4   lime wedges',lime wedges 
15,Grilled Salmon with Tangy Cucumber Sauce,'1  cup cubed seeded peeled cucumber',
15,Grilled Salmon with Tangy Cucumber Sauce, '1\u2009½  cups fat-free sour cream',free sour cream 
15,Grilled Salmon with Tangy Cucumber Sauce, '2  tablespoons chopped green onions',green onions 
15,Grilled Salmon with Tangy Cucumber Sauce, '2  tablespoons chopped fresh dill',fresh dill 
15,Grilled Salmon with Tangy Cucumber Sauce, '1\u2009½  teaspoons fresh lemon juice',fresh lemon juice 
15,Grilled Salmon with Tangy Cucumber Sauce, '1  teaspoon prepared horseradish',prepared horseradish 
15,Grilled Salmon with Tangy Cucumber Sauce, '¾  teaspoon kosher salt,kosher salt 
15,Grilled Salmon with Tangy Cucumber Sauce, divided',
15,Grilled Salmon with Tangy Cucumber Sauce, '1   (3-pound) salmon fillet (about 3/4 inch thick)',
15,Grilled Salmon with Tangy Cucumber Sauce, '¼  teaspoon freshly ground black pepper',black pepper 
15,Grilled Salmon with Tangy Cucumber Sauce, 'Cooking spray',Cooking spray 
15,Grilled Salmon with Tangy Cucumber Sauce, 'Dill sprigs (optional)',Dill optional sprigs 
16,Smoked Salmon with Tangy Horseradish Sauce,'⅓  cup organic canola mayonnaise (such as Spectrum)',organic canola mayonnaise 
16,Smoked Salmon with Tangy Horseradish Sauce, '1  tablespoon chopped fresh flat-leaf parsley',fresh leaf parsley 
16,Smoked Salmon with Tangy Horseradish Sauce, '1  tablespoon prepared horseradish',prepared horseradish 
16,Smoked Salmon with Tangy Horseradish Sauce, '1  tablespoon whole-grain Dijon mustard',Dijon mustard 
16,Smoked Salmon with Tangy Horseradish Sauce, '¼  teaspoon freshly ground black pepper',black pepper 
16,Smoked Salmon with Tangy Horseradish Sauce, '12   slices Brown Soda Bread',slices Soda Bread 
16,Smoked Salmon with Tangy Horseradish Sauce, '12   thin slices smoked salmon (about 8 ounces)',thin slices salmon 
16,Smoked Salmon with Tangy Horseradish Sauce, 'Fresh dill sprigs (optional)',Fresh dill optional sprigs 
17,Seared Salmon with Wilted Spinach,'4   (6-ounce) salmon fillets',salmon fillets 
17,Seared Salmon with Wilted Spinach, '¾  teaspoon kosher salt,kosher salt 
17,Seared Salmon with Wilted Spinach, divided',
17,Seared Salmon with Wilted Spinach, '¼  teaspoon black pepper,black pepper 
17,Seared Salmon with Wilted Spinach, divided',
17,Seared Salmon with Wilted Spinach, '1  tablespoon canola oil,canola oil 
17,Seared Salmon with Wilted Spinach, divided',
17,Seared Salmon with Wilted Spinach, '1   pint grape tomatoes,grape tomatoes 
17,Seared Salmon with Wilted Spinach, halved',
17,Seared Salmon with Wilted Spinach, '3   garlic cloves,
17,Seared Salmon with Wilted Spinach, sliced',
17,Seared Salmon with Wilted Spinach, '1   (9-ounce) package baby spinach',
17,Seared Salmon with Wilted Spinach, '2  tablespoons small fresh basil leaves',small basil leaves 
18,Roasted Salmon with Pea Puree,'2  tablespoons unsalted butter',unsalted butter 
18,Roasted Salmon with Pea Puree, '4   4-oz. skinless salmon fillets',salmon fillets 
18,Roasted Salmon with Pea Puree, 'Salt and pepper',Salt 
18,Roasted Salmon with Pea Puree, '1   leek,leek 
18,Roasted Salmon with Pea Puree, white and light green parts,white green parts 
18,Roasted Salmon with Pea Puree, chopped',
18,Roasted Salmon with Pea Puree, '1   10-oz. bag frozen peas',frozen peas 
18,Roasted Salmon with Pea Puree, '½  cup white wine',white wine 
18,Roasted Salmon with Pea Puree, '¼  cup half-and-half',
18,Roasted Salmon with Pea Puree, '1  tablespoon chopped fresh mint leaves',
19,Salmon with Sweet-and-Sour Pan Sauce,'1  tablespoon vegetable oil',vegetable oil 
19,Salmon with Sweet-and-Sour Pan Sauce, '¼  cup fat-free,
19,Salmon with Sweet-and-Sour Pan Sauce, less-sodium chicken broth',sodium chicken broth 
19,Salmon with Sweet-and-Sour Pan Sauce, '2  tablespoons brown sugar',brown sugar 
19,Salmon with Sweet-and-Sour Pan Sauce, '2  tablespoons fresh lime juice',
19,Salmon with Sweet-and-Sour Pan Sauce, '1  tablespoon low-sodium soy sauce',sodium soy sauce 
19,Salmon with Sweet-and-Sour Pan Sauce, '1  tablespoon fish sauce',fish sauce 
19,Salmon with Sweet-and-Sour Pan Sauce, '2   garlic cloves,
19,Salmon with Sweet-and-Sour Pan Sauce, minced',
19,Salmon with Sweet-and-Sour Pan Sauce, '4   (6-ounce) salmon fillets (about 1 inch thick)',salmon thick fillets 
19,Salmon with Sweet-and-Sour Pan Sauce, '¼  teaspoon salt',¼ salt 
19,Salmon with Sweet-and-Sour Pan Sauce, '¼  teaspoon freshly ground black pepper',black pepper 
